{"stats":{"minecraft:killed_by":{"minecraft:skeleton":2,"minecraft:zombie":6},"minecraft:dropped":{"minecraft:wheat_seeds":1,"minecraft:cooked_beef":1,"minecraft:cobblestone":93,"minecraft:rail":8,"minecraft:golden_apple":1,"minecraft:diorite":15,"minecraft:iron_pickaxe":2,"minecraft:gravel":38,"minecraft:wheat":1,"minecraft:pointed_dripstone":81,"minecraft:rotten_flesh":8,"minecraft:oak_planks":11,"minecraft:stripped_cherry_log":1,"minecraft:stone_pickaxe":1,"minecraft:calcite":8},"minecraft:mined":{"minecraft:tuff":319,"minecraft:white_bed":1,"minecraft:oak_sapling":1,"minecraft:pink_bed":4,"minecraft:cherry_log":467,"minecraft:cherry_sapling":23,"minecraft:stripped_cherry_log":125,"minecraft:glow_lichen":3,"minecraft:ladder":2,"minecraft:granite":60,"minecraft:budding_amethyst":4,"minecraft:grass_block":205,"minecraft:raw_iron_block":4,"minecraft:furnace":1,"minecraft:carrots":24,"minecraft:iron_ore":73,"minecraft:fire":8,"minecraft:cobbled_deepslate":1,"minecraft:andesite":12,"minecraft:pumpkin":15,"minecraft:deepslate_lapis_ore":8,"minecraft:pointed_dripstone":76,"minecraft:cave_vines":4,"minecraft:deepslate_iron_ore":165,"minecraft:stripped_oak_log":1,"minecraft:stone":783,"minecraft:tripwire":6,"minecraft:deepslate_redstone_ore":23,"minecraft:cherry_planks":56,"minecraft:crafting_table":15,"minecraft:torch":25,"minecraft:short_grass":30,"minecraft:calcite":10,"minecraft:chest":5,"minecraft:cobblestone":81,"minecraft:copper_ore":192,"minecraft:tall_grass":2,"minecraft:lapis_ore":5,"minecraft:deepslate_gold_ore":32,"minecraft:sugar_cane":10,"minecraft:oak_planks":47,"minecraft:diorite":30,"minecraft:wall_torch":19,"minecraft:amethyst_block":66,"minecraft:pink_petals":22,"minecraft:cherry_fence":1,"minecraft:wheat":3,"minecraft:cherry_door":2,"minecraft:coal_ore":709,"minecraft:oak_log":103,"minecraft:cherry_leaves":1944,"minecraft:gravel":230,"minecraft:dripstone_block":49,"minecraft:dirt":370,"minecraft:smooth_basalt":1,"minecraft:oak_leaves":595,"minecraft:deepslate":887},"minecraft:custom":{"minecraft:interact_with_anvil":1,"minecraft:mob_kills":7,"minecraft:interact_with_crafting_table":51,"minecraft:leave_game":7,"minecraft:time_since_death":210324,"minecraft:climb_one_cm":36033,"minecraft:sprint_one_cm":1010284,"minecraft:walk_one_cm":3032548,"minecraft:drop":28,"minecraft:talked_to_villager":7,"minecraft:play_time":802527,"minecraft:deaths":12,"minecraft:sneak_time":847,"minecraft:walk_under_water_one_cm":31739,"minecraft:jump":7495,"minecraft:walk_on_water_one_cm":66507,"minecraft:total_world_time":802527,"minecraft:interact_with_furnace":49,"minecraft:sleep_in_bed":14,"minecraft:time_since_rest":6084,"minecraft:damage_taken":4653,"minecraft:damage_dealt":1500,"minecraft:swim_one_cm":1291,"minecraft:fly_one_cm":109253,"minecraft:open_chest":236,"minecraft:crouch_one_cm":2273,"minecraft:fall_one_cm":82626},"minecraft:crafted":{"minecraft:cherry_planks":708,"minecraft:oak_door":3,"minecraft:oak_planks":236,"minecraft:stone_shovel":1,"minecraft:pink_bed":2,"minecraft:furnace":2,"minecraft:stone":64,"minecraft:pink_dye":2,"minecraft:raw_copper_block":56,"minecraft:glass":3,"minecraft:iron_boots":1,"minecraft:iron_axe":3,"minecraft:ladder":6,"minecraft:stone_pickaxe":17,"minecraft:chest":5,"minecraft:cherry_fence":12,"minecraft:cooked_beef":1,"minecraft:crafting_table":4,"minecraft:iron_helmet":1,"minecraft:cobbled_deepslate_wall":24,"minecraft:stone_axe":8,"minecraft:iron_chestplate":1,"minecraft:stick":68,"minecraft:iron_ingot":149,"minecraft:iron_pickaxe":11,"minecraft:wooden_axe":4,"minecraft:cherry_door":3,"minecraft:iron_leggings":1,"minecraft:white_bed":1,"minecraft:torch":260,"minecraft:shears":4},"minecraft:picked_up":{"minecraft:wooden_axe":1,"minecraft:crafting_table":20,"minecraft:iron_chestplate":3,"minecraft:wheat":19,"minecraft:azure_bluet":4,"minecraft:ladder":4,"minecraft:stripped_cherry_log":125,"minecraft:amethyst_block":63,"minecraft:string":10,"minecraft:raw_copper":1059,"minecraft:deepslate_lapis_ore":1,"minecraft:iron_leggings":1,"minecraft:cobbled_deepslate":1983,"minecraft:deepslate_diamond_ore":11,"minecraft:beef":2,"minecraft:calcite":8,"minecraft:iron_pickaxe":5,"minecraft:chest":8,"minecraft:sugar_cane":17,"minecraft:furnace":1,"minecraft:iron_boots":3,"minecraft:egg":6,"minecraft:stick":269,"minecraft:raw_iron":297,"minecraft:stone":3,"minecraft:torch":413,"minecraft:cherry_log":487,"minecraft:pointed_dripstone":120,"minecraft:diorite":41,"minecraft:carrot":117,"minecraft:redstone":216,"minecraft:stone_shovel":2,"minecraft:arrow":3,"minecraft:rotten_flesh":13,"minecraft:shears":1,"minecraft:rail":8,"minecraft:white_wool":1,"minecraft:cobblestone":1320,"minecraft:lapis_ore":1,"minecraft:stripped_oak_log":2,"minecraft:pink_petals":71,"minecraft:cooked_beef":30,"minecraft:cherry_planks":150,"minecraft:glow_ink_sac":1,"minecraft:cherry_leaves":949,"minecraft:andesite":17,"minecraft:leather":2,"minecraft:flint":20,"minecraft:tuff":581,"minecraft:oak_log":103,"minecraft:waxed_copper_block":4,"minecraft:cherry_fence":4,"minecraft:gunpowder":2,"minecraft:cherry_door":3,"minecraft:lapis_lazuli":150,"minecraft:dirt":769,"minecraft:bone":1,"minecraft:apple":3,"minecraft:wheat_seeds":16,"minecraft:raw_gold":34,"minecraft:iron_ingot":48,"minecraft:stone_pickaxe":12,"minecraft:oak_planks":122,"minecraft:pink_bed":6,"minecraft:pumpkin":15,"minecraft:raw_iron_block":4,"minecraft:dripstone_block":78,"minecraft:gravel":339,"minecraft:amethyst_shard":4,"minecraft:white_bed":3,"minecraft:spider_eye":2,"minecraft:coal_ore":2,"minecraft:stone_axe":7,"minecraft:deepslate_gold_ore":6,"minecraft:iron_helmet":3,"minecraft:granite":115,"minecraft:cherry_sapling":230,"minecraft:golden_apple":1,"minecraft:bread":14,"minecraft:baked_potato":2,"minecraft:oak_sapling":51,"minecraft:coal":977,"minecraft:oak_leaves":8},"minecraft:broken":{"minecraft:shears":4,"minecraft:stone_pickaxe":12,"minecraft:stone_axe":5,"minecraft:iron_pickaxe":8,"minecraft:wooden_axe":3,"minecraft:stone_shovel":1},"minecraft:killed":{"minecraft:spider":1,"minecraft:skeleton":1,"minecraft:zombie":3,"minecraft:cow":1},"minecraft:used":{"minecraft:cherry_sapling":48,"minecraft:stone_shovel":118,"minecraft:ladder":10,"minecraft:chest":10,"minecraft:oak_door":3,"minecraft:torch":331,"minecraft:dirt":561,"minecraft:carrot":23,"minecraft:tuff":49,"minecraft:granite":49,"minecraft:wooden_axe":232,"minecraft:iron_axe":106,"minecraft:cherry_leaves":862,"minecraft:furnace":2,"minecraft:oak_sapling":33,"minecraft:cooked_beef":15,"minecraft:cobbled_deepslate":14,"minecraft:cherry_fence":2,"minecraft:cherry_log":124,"minecraft:cobbled_deepslate_wall":2,"minecraft:wheat_seeds":3,"minecraft:diorite":5,"minecraft:amethyst_block":36,"minecraft:stone_pickaxe":1688,"minecraft:baked_potato":1,"minecraft:oak_planks":46,"minecraft:cherry_planks":557,"minecraft:crafting_table":15,"minecraft:shears":890,"minecraft:oak_log":6,"minecraft:apple":3,"minecraft:cherry_door":4,"minecraft:bread":11,"minecraft:iron_pickaxe":2185,"minecraft:gravel":9,"minecraft:stone_axe":773,"minecraft:pink_bed":5,"minecraft:pink_petals":52,"minecraft:cobblestone":578,"minecraft:andesite":1,"minecraft:stripped_cherry_log":123}},"DataVersion":3953}