{"stats":{"minecraft:killed":{"minecraft:zombie":3,"minecraft:spider":1,"minecraft:cow":1},"minecraft:picked_up":{"minecraft:pink_petals":24,"minecraft:raw_iron":10,"minecraft:leather":2,"minecraft:oak_log":12,"minecraft:spider_eye":1,"minecraft:dirt":134,"minecraft:rotten_flesh":1,"minecraft:wheat_seeds":1,"minecraft:spruce_planks":1,"minecraft:beef":1,"minecraft:cherry_sapling":3,"minecraft:bread":2,"minecraft:oak_sapling":1,"minecraft:sugar_cane":1,"minecraft:coal":41,"minecraft:cobblestone":129},"minecraft:killed_by":{"minecraft:spider":1,"minecraft:zombie":1},"minecraft:mined":{"minecraft:pink_petals":19,"minecraft:spruce_planks":1,"minecraft:iron_ore":10,"minecraft:short_grass":8,"minecraft:coal_ore":42,"minecraft:grass_block":70,"minecraft:oak_log":12,"minecraft:dirt_path":2,"minecraft:dirt":69,"minecraft:stone":129,"minecraft:oak_leaves":6},"minecraft:broken":{"minecraft:stone_pickaxe":1},"minecraft:custom":{"minecraft:time_since_rest":17770,"minecraft:interact_with_furnace":6,"minecraft:sprint_one_cm":252894,"minecraft:damage_taken":1304,"minecraft:walk_one_cm":232579,"minecraft:mob_kills":6,"minecraft:damage_dealt":1091,"minecraft:swim_one_cm":8182,"minecraft:interact_with_crafting_table":11,"minecraft:fly_one_cm":22935,"minecraft:open_chest":33,"minecraft:crouch_one_cm":607,"minecraft:play_time":76404,"minecraft:deaths":2,"minecraft:sneak_time":114,"minecraft:walk_under_water_one_cm":996,"minecraft:boat_one_cm":6683,"minecraft:jump":627,"minecraft:leave_game":8,"minecraft:walk_on_water_one_cm":8063,"minecraft:time_since_death":58358,"minecraft:sleep_in_bed":2,"minecraft:climb_one_cm":136,"minecraft:total_world_time":76404,"minecraft:fall_one_cm":15645},"minecraft:used":{"minecraft:oak_log":2,"minecraft:cherry_sapling":3,"minecraft:stone_sword":49,"minecraft:iron_axe":4,"minecraft:bread":17,"minecraft:stone_shovel":128,"minecraft:stone_pickaxe":131,"minecraft:iron_pickaxe":51,"minecraft:iron_sword":14,"minecraft:pink_petals":4,"minecraft:torch":35,"minecraft:dirt":27,"minecraft:cobblestone":1,"minecraft:crafting_table":1,"minecraft:cooked_porkchop":3,"minecraft:white_bed":1},"minecraft:crafted":{"minecraft:oak_planks":36,"minecraft:raw_iron":9,"minecraft:stone_shovel":1,"minecraft:iron_nugget":9,"minecraft:crafting_table":2,"minecraft:stick":8,"minecraft:iron_pickaxe":1,"minecraft:wooden_pickaxe":1,"minecraft:stone_pickaxe":1,"minecraft:iron_sword":1,"minecraft:stone_sword":1,"minecraft:torch":36,"minecraft:bread":30,"minecraft:wheat":90}},"DataVersion":3953}