{"stats":{"minecraft:killed":{"minecraft:zombie":1,"minecraft:cow":1},"minecraft:picked_up":{"minecraft:wooden_axe":1,"minecraft:stripped_oak_log":2,"minecraft:pink_petals":71,"minecraft:crafting_table":5,"minecraft:wheat":14,"minecraft:azure_bluet":4,"minecraft:ladder":4,"minecraft:cherry_planks":38,"minecraft:cherry_leaves":215,"minecraft:leather":2,"minecraft:waxed_copper_block":4,"minecraft:oak_log":94,"minecraft:cherry_fence":3,"minecraft:cherry_door":3,"minecraft:dirt":427,"minecraft:string":7,"minecraft:apple":3,"minecraft:wheat_seeds":4,"minecraft:cobbled_deepslate":54,"minecraft:stone_pickaxe":3,"minecraft:beef":2,"minecraft:sugar_cane":17,"minecraft:chest":4,"minecraft:oak_planks":57,"minecraft:pink_bed":6,"minecraft:stick":170,"minecraft:pumpkin":15,"minecraft:torch":67,"minecraft:gravel":1,"minecraft:cherry_log":465,"minecraft:diorite":9,"minecraft:pointed_dripstone":7,"minecraft:white_bed":2,"minecraft:carrot":10,"minecraft:arrow":1,"minecraft:rotten_flesh":5,"minecraft:stone_axe":1,"minecraft:shears":1,"minecraft:cherry_sapling":224,"minecraft:bread":14,"minecraft:baked_potato":1,"minecraft:oak_sapling":36,"minecraft:coal":246,"minecraft:white_wool":1,"minecraft:cobblestone":89},"minecraft:killed_by":{"minecraft:skeleton":2,"minecraft:zombie":3},"minecraft:mined":{"minecraft:white_bed":1,"minecraft:cherry_planks":37,"minecraft:pink_bed":4,"minecraft:cherry_log":445,"minecraft:cherry_sapling":23,"minecraft:torch":1,"minecraft:crafting_table":5,"minecraft:glow_lichen":2,"minecraft:ladder":2,"minecraft:short_grass":18,"minecraft:grass_block":114,"minecraft:chest":4,"minecraft:tall_grass":2,"minecraft:sugar_cane":10,"minecraft:oak_planks":45,"minecraft:diorite":9,"minecraft:pink_petals":22,"minecraft:carrots":2,"minecraft:fire":8,"minecraft:cherry_door":2,"minecraft:pumpkin":15,"minecraft:coal_ore":248,"minecraft:pointed_dripstone":6,"minecraft:oak_log":94,"minecraft:cave_vines":4,"minecraft:cherry_leaves":1172,"minecraft:gravel":1,"minecraft:dirt":161,"minecraft:stripped_oak_log":1,"minecraft:stone":78,"minecraft:oak_leaves":470,"minecraft:tripwire":6},"minecraft:broken":{"minecraft:stone_axe":3,"minecraft:shears":1,"minecraft:wooden_axe":3,"minecraft:stone_pickaxe":1},"minecraft:custom":{"minecraft:interact_with_furnace":5,"minecraft:mob_kills":3,"minecraft:interact_with_crafting_table":23,"minecraft:leave_game":6,"minecraft:time_since_death":16706,"minecraft:sleep_in_bed":6,"minecraft:climb_one_cm":21470,"minecraft:time_since_rest":1539,"minecraft:sprint_one_cm":420488,"minecraft:damage_taken":2374,"minecraft:walk_one_cm":1324656,"minecraft:drop":4,"minecraft:damage_dealt":364,"minecraft:swim_one_cm":1291,"minecraft:talked_to_villager":1,"minecraft:fly_one_cm":64865,"minecraft:open_chest":109,"minecraft:crouch_one_cm":198,"minecraft:play_time":304025,"minecraft:deaths":6,"minecraft:sneak_time":86,"minecraft:walk_under_water_one_cm":6472,"minecraft:jump":3083,"minecraft:walk_on_water_one_cm":21989,"minecraft:total_world_time":304025,"minecraft:fall_one_cm":44513},"minecraft:dropped":{"minecraft:rotten_flesh":4},"minecraft:used":{"minecraft:cherry_sapling":42,"minecraft:stone_pickaxe":366,"minecraft:ladder":10,"minecraft:oak_planks":45,"minecraft:chest":7,"minecraft:cherry_planks":432,"minecraft:torch":45,"minecraft:dirt":315,"minecraft:crafting_table":5,"minecraft:carrot":10,"minecraft:shears":124,"minecraft:oak_log":6,"minecraft:wooden_axe":232,"minecraft:apple":3,"minecraft:cherry_door":4,"minecraft:bread":11,"minecraft:cherry_leaves":128,"minecraft:stone_axe":560,"minecraft:pink_bed":5,"minecraft:pink_petals":52,"minecraft:cobblestone":8,"minecraft:oak_sapling":26,"minecraft:cooked_beef":1},"minecraft:crafted":{"minecraft:cooked_beef":1,"minecraft:cherry_planks":708,"minecraft:oak_planks":200,"minecraft:crafting_table":4,"minecraft:pink_bed":2,"minecraft:stone_axe":7,"minecraft:pink_dye":2,"minecraft:ladder":6,"minecraft:stick":44,"minecraft:stone_pickaxe":9,"minecraft:wooden_axe":4,"minecraft:chest":3,"minecraft:cherry_door":3,"minecraft:white_bed":1,"minecraft:torch":108,"minecraft:cherry_fence":3}},"DataVersion":3953}