{"stats":{"minecraft:killed_by":{"minecraft:player":2,"minecraft:phantom":1,"minecraft:zombie":1},"minecraft:dropped":{"minecraft:cherry_log":10,"minecraft:carrot":64,"minecraft:oak_stairs":1},"minecraft:mined":{"minecraft:attached_pumpkin_stem":1,"minecraft:oak_slab":6,"minecraft:cherry_log":35,"minecraft:torch":1,"minecraft:short_grass":13,"minecraft:grass_block":246,"minecraft:oak_planks":3,"minecraft:sugar_cane":2,"minecraft:pink_petals":7,"minecraft:carrots":91,"minecraft:wheat":80,"minecraft:pumpkin_stem":1,"minecraft:pumpkin":19,"minecraft:coal_ore":1,"minecraft:potatoes":5,"minecraft:oak_log":104,"minecraft:beetroots":1,"minecraft:oak_stairs":28,"minecraft:cherry_leaves":7,"minecraft:dirt":89,"minecraft:stone":18,"minecraft:oak_leaves":107},"minecraft:custom":{"minecraft:interact_with_crafting_table":11,"minecraft:leave_game":6,"minecraft:time_since_death":34823,"minecraft:time_since_rest":36351,"minecraft:sprint_one_cm":124071,"minecraft:damage_taken":1570,"minecraft:walk_one_cm":1185120,"minecraft:drop":3,"minecraft:damage_dealt":139,"minecraft:fly_one_cm":18165,"minecraft:open_chest":40,"minecraft:deaths":5,"minecraft:crouch_one_cm":3297,"minecraft:play_time":282473,"minecraft:sneak_time":3496,"minecraft:jump":1078,"minecraft:walk_on_water_one_cm":4028,"minecraft:total_world_time":282473,"minecraft:fall_one_cm":15075},"minecraft:crafted":{"minecraft:oak_planks":100,"minecraft:crafting_table":1,"minecraft:wooden_pickaxe":1,"minecraft:stick":4,"minecraft:oak_stairs":36,"minecraft:wooden_axe":1,"minecraft:oak_button":8},"minecraft:picked_up":{"minecraft:pink_petals":47,"minecraft:wheat":80,"minecraft:potato":21,"minecraft:oak_stairs":3,"minecraft:oak_log":101,"minecraft:dirt":648,"minecraft:iron_axe":1,"minecraft:iron_shovel":1,"minecraft:beetroot":1,"minecraft:apple":3,"minecraft:cherry_boat":2,"minecraft:wheat_seeds":229,"minecraft:stone_pickaxe":2,"minecraft:sugar_cane":2,"minecraft:oak_planks":3,"minecraft:egg":2,"minecraft:oak_slab":37,"minecraft:stick":15,"minecraft:cooked_porkchop":4,"minecraft:pumpkin":19,"minecraft:torch":3,"minecraft:cherry_log":24,"minecraft:carrot":309,"minecraft:stone_sword":2,"minecraft:pumpkin_seeds":3,"minecraft:rotten_flesh":2,"minecraft:beetroot_seeds":2,"minecraft:stone_axe":4,"minecraft:cherry_sapling":5,"minecraft:bone_meal":30,"minecraft:bread":5,"minecraft:oak_sapling":24,"minecraft:coal":1,"minecraft:cobblestone":31},"minecraft:broken":{"minecraft:stone_axe":1},"minecraft:used":{"minecraft:wheat_seeds":80,"minecraft:stone_sword":5,"minecraft:iron_shovel":216,"minecraft:stone_pickaxe":164,"minecraft:oak_planks":3,"minecraft:wooden_pickaxe":1,"minecraft:dirt":139,"minecraft:oak_slab":37,"minecraft:crafting_table":1,"minecraft:carrot":125,"minecraft:pumpkin_seeds":1,"minecraft:iron_axe":71,"minecraft:oak_stairs":2,"minecraft:iron_pickaxe":11,"minecraft:stone_axe":140,"minecraft:beetroot_seeds":2,"minecraft:potato":21,"minecraft:bone_meal":9}},"DataVersion":3953}