{"stats":{"minecraft:killed":{"minecraft:spider":1,"minecraft:zombie":3,"minecraft:cow":1},"minecraft:picked_up":{"minecraft:wooden_axe":1,"minecraft:iron_chestplate":2,"minecraft:crafting_table":13,"minecraft:azure_bluet":4,"minecraft:wheat":18,"minecraft:ladder":4,"minecraft:string":9,"minecraft:raw_copper":304,"minecraft:cobbled_deepslate":1921,"minecraft:beef":2,"minecraft:iron_pickaxe":2,"minecraft:sugar_cane":17,"minecraft:chest":8,"minecraft:iron_boots":2,"minecraft:egg":6,"minecraft:stick":257,"minecraft:raw_iron":193,"minecraft:torch":321,"minecraft:cherry_log":465,"minecraft:pointed_dripstone":19,"minecraft:diorite":26,"minecraft:carrot":117,"minecraft:redstone":216,"minecraft:rotten_flesh":13,"minecraft:arrow":1,"minecraft:stone_shovel":2,"minecraft:shears":1,"minecraft:white_wool":1,"minecraft:cobblestone":831,"minecraft:stripped_oak_log":2,"minecraft:pink_petals":71,"minecraft:cherry_planks":138,"minecraft:cherry_leaves":215,"minecraft:andesite":1,"minecraft:leather":2,"minecraft:flint":20,"minecraft:tuff":555,"minecraft:oak_log":103,"minecraft:waxed_copper_block":4,"minecraft:cherry_fence":3,"minecraft:gunpowder":2,"minecraft:lapis_lazuli":115,"minecraft:cherry_door":3,"minecraft:dirt":582,"minecraft:apple":3,"minecraft:wheat_seeds":12,"minecraft:raw_gold":29,"minecraft:stone_pickaxe":12,"minecraft:oak_planks":99,"minecraft:pink_bed":6,"minecraft:pumpkin":15,"minecraft:dripstone_block":14,"minecraft:raw_iron_block":4,"minecraft:gravel":300,"minecraft:white_bed":3,"minecraft:spider_eye":2,"minecraft:stone_axe":6,"minecraft:iron_helmet":2,"minecraft:granite":97,"minecraft:cherry_sapling":224,"minecraft:bread":14,"minecraft:baked_potato":2,"minecraft:oak_sapling":47,"minecraft:coal":424},"minecraft:killed_by":{"minecraft:skeleton":2,"minecraft:zombie":6},"minecraft:mined":{"minecraft:tuff":285,"minecraft:white_bed":1,"minecraft:oak_sapling":1,"minecraft:pink_bed":4,"minecraft:cherry_log":445,"minecraft:cherry_sapling":23,"minecraft:glow_lichen":3,"minecraft:granite":59,"minecraft:ladder":2,"minecraft:grass_block":162,"minecraft:raw_iron_block":4,"minecraft:carrots":24,"minecraft:iron_ore":2,"minecraft:cobbled_deepslate":1,"minecraft:fire":8,"minecraft:pumpkin":15,"minecraft:deepslate_lapis_ore":7,"minecraft:pointed_dripstone":13,"minecraft:cave_vines":4,"minecraft:deepslate_iron_ore":157,"minecraft:stripped_oak_log":1,"minecraft:stone":503,"minecraft:tripwire":6,"minecraft:deepslate_redstone_ore":23,"minecraft:cherry_planks":37,"minecraft:crafting_table":9,"minecraft:torch":13,"minecraft:short_grass":24,"minecraft:chest":5,"minecraft:tall_grass":2,"minecraft:copper_ore":45,"minecraft:cobblestone":36,"minecraft:deepslate_gold_ore":27,"minecraft:oak_planks":45,"minecraft:sugar_cane":10,"minecraft:diorite":24,"minecraft:wall_torch":12,"minecraft:pink_petals":22,"minecraft:wheat":2,"minecraft:cherry_door":2,"minecraft:oak_log":103,"minecraft:coal_ore":326,"minecraft:dripstone_block":14,"minecraft:cherry_leaves":1172,"minecraft:gravel":226,"minecraft:dirt":239,"minecraft:oak_leaves":568,"minecraft:deepslate":837},"minecraft:broken":{"minecraft:shears":1,"minecraft:stone_pickaxe":12,"minecraft:stone_axe":3,"minecraft:iron_pickaxe":3,"minecraft:wooden_axe":3,"minecraft:stone_shovel":1},"minecraft:custom":{"minecraft:mob_kills":6,"minecraft:interact_with_crafting_table":36,"minecraft:leave_game":6,"minecraft:time_since_death":34751,"minecraft:climb_one_cm":25442,"minecraft:sprint_one_cm":516092,"minecraft:walk_one_cm":1896219,"minecraft:drop":7,"minecraft:talked_to_villager":1,"minecraft:play_time":544025,"minecraft:deaths":11,"minecraft:sneak_time":372,"minecraft:walk_under_water_one_cm":26323,"minecraft:jump":4743,"minecraft:walk_on_water_one_cm":49889,"minecraft:total_world_time":544025,"minecraft:interact_with_furnace":32,"minecraft:sleep_in_bed":11,"minecraft:time_since_rest":34815,"minecraft:damage_taken":3800,"minecraft:damage_dealt":1260,"minecraft:swim_one_cm":1291,"minecraft:fly_one_cm":76109,"minecraft:open_chest":176,"minecraft:crouch_one_cm":615,"minecraft:fall_one_cm":54550},"minecraft:dropped":{"minecraft:rotten_flesh":8,"minecraft:stone_pickaxe":1},"minecraft:used":{"minecraft:cherry_sapling":42,"minecraft:stone_shovel":118,"minecraft:ladder":10,"minecraft:chest":10,"minecraft:oak_door":3,"minecraft:torch":207,"minecraft:dirt":423,"minecraft:carrot":21,"minecraft:tuff":49,"minecraft:granite":49,"minecraft:wooden_axe":232,"minecraft:cherry_leaves":128,"minecraft:oak_sapling":30,"minecraft:furnace":2,"minecraft:cooked_beef":1,"minecraft:cobbled_deepslate":14,"minecraft:wheat_seeds":2,"minecraft:diorite":5,"minecraft:stone_pickaxe":1688,"minecraft:baked_potato":1,"minecraft:oak_planks":45,"minecraft:cherry_planks":432,"minecraft:crafting_table":9,"minecraft:shears":124,"minecraft:oak_log":6,"minecraft:apple":3,"minecraft:cherry_door":4,"minecraft:bread":11,"minecraft:iron_pickaxe":907,"minecraft:stone_axe":588,"minecraft:pink_petals":52,"minecraft:pink_bed":5,"minecraft:cobblestone":313,"minecraft:andesite":1},"minecraft:crafted":{"minecraft:cherry_planks":708,"minecraft:oak_door":3,"minecraft:oak_planks":236,"minecraft:stone_shovel":1,"minecraft:pink_bed":2,"minecraft:furnace":2,"minecraft:stone":64,"minecraft:pink_dye":2,"minecraft:glass":3,"minecraft:iron_boots":1,"minecraft:ladder":6,"minecraft:stone_pickaxe":17,"minecraft:chest":5,"minecraft:cherry_fence":3,"minecraft:cooked_beef":1,"minecraft:crafting_table":4,"minecraft:iron_helmet":1,"minecraft:stone_axe":7,"minecraft:iron_chestplate":1,"minecraft:stick":52,"minecraft:iron_ingot":74,"minecraft:iron_pickaxe":6,"minecraft:wooden_axe":4,"minecraft:cherry_door":3,"minecraft:iron_leggings":1,"minecraft:white_bed":1,"minecraft:torch":184}},"DataVersion":3953}