{"stats":{"minecraft:killed_by":{"minecraft:skeleton":1},"minecraft:dropped":{"minecraft:wheat_seeds":6,"minecraft:cooked_beef":21,"minecraft:diamond":4,"minecraft:cooked_porkchop":4,"minecraft:cobblestone":85,"minecraft:lantern":8,"minecraft:dirt":967,"minecraft:torch":1,"minecraft:cornflower":1,"minecraft:cherry_leaves":65,"minecraft:sand":57,"minecraft:sugar_cane":1,"minecraft:soul_soil":1,"minecraft:iron_nugget":8,"minecraft:wheat":2,"minecraft:oak_planks":4,"minecraft:iron_hoe":2,"minecraft:diamond_shovel":2,"minecraft:azure_bluet":4,"minecraft:shears":3,"minecraft:carrot":5,"minecraft:light_gray_dye":1,"minecraft:egg":1},"minecraft:mined":{"minecraft:infested_deepslate":4,"minecraft:tuff":47,"minecraft:white_bed":1,"minecraft:farmland":1,"minecraft:mossy_cobblestone":1,"minecraft:deepslate_diamond_ore":34,"minecraft:sculk_vein":1,"minecraft:granite":10,"minecraft:budding_amethyst":3,"minecraft:allium":6,"minecraft:grass_block":1857,"minecraft:soul_soil":2,"minecraft:composter":3,"minecraft:spawner":1,"minecraft:sculk_catalyst":1,"minecraft:carrots":114,"minecraft:iron_ore":62,"minecraft:fire":28,"minecraft:andesite":2,"minecraft:deepslate_lapis_ore":5,"minecraft:enchanting_table":4,"minecraft:pointed_dripstone":7,"minecraft:cave_vines":2,"minecraft:deepslate_iron_ore":23,"minecraft:stone":1261,"minecraft:bone_block":26,"minecraft:tripwire":38,"minecraft:smithing_table":6,"minecraft:deepslate_redstone_ore":17,"minecraft:soul_sand":28,"minecraft:amethyst_cluster":2,"minecraft:dandelion":6,"minecraft:torch":8,"minecraft:short_grass":380,"minecraft:emerald_ore":2,"minecraft:calcite":5,"minecraft:poppy":13,"minecraft:sculk_sensor":1,"minecraft:glass":3,"minecraft:cobblestone":48,"minecraft:copper_ore":40,"minecraft:tall_grass":55,"minecraft:lapis_ore":8,"minecraft:sculk":27,"minecraft:diorite":181,"minecraft:wall_torch":4,"minecraft:amethyst_block":13,"minecraft:deepslate_copper_ore":19,"minecraft:pink_petals":1,"minecraft:birch_planks":1,"minecraft:birch_log":33,"minecraft:wheat":149,"minecraft:lilac":14,"minecraft:birch_leaves":3,"minecraft:coal_ore":169,"minecraft:oak_log":185,"minecraft:cherry_leaves":96,"minecraft:sand":14,"minecraft:gravel":4,"minecraft:dripstone_block":6,"minecraft:dirt":1617,"minecraft:oak_leaves":29,"minecraft:deepslate":575},"minecraft:crafted":{"minecraft:oak_planks":236,"minecraft:oak_sign":9,"minecraft:iron_nugget":108,"minecraft:bone_meal":135,"minecraft:diamond_shovel":3,"minecraft:oak_trapdoor":2,"minecraft:glass":106,"minecraft:lantern":13,"minecraft:diamond_leggings":1,"minecraft:iron_boots":1,"minecraft:iron_hoe":3,"minecraft:chest":4,"minecraft:wheat":27,"minecraft:cooked_beef":80,"minecraft:oak_slab":12,"minecraft:diamond_axe":1,"minecraft:crafting_table":3,"minecraft:iron_helmet":1,"minecraft:copper_ingot":25,"minecraft:birch_planks":16,"minecraft:oak_boat":2,"minecraft:charcoal":32,"minecraft:diamond_pickaxe":1,"minecraft:stick":120,"minecraft:iron_ingot":86,"minecraft:iron_block":3,"minecraft:anvil":1,"minecraft:white_bed":5,"minecraft:composter":1,"minecraft:torch":264,"minecraft:shears":3,"minecraft:diamond_chestplate":1},"minecraft:custom":{"minecraft:interact_with_smithing_table":1,"minecraft:mob_kills":107,"minecraft:interact_with_anvil":3,"minecraft:animals_bred":86,"minecraft:interact_with_crafting_table":24,"minecraft:leave_game":6,"minecraft:time_since_death":383619,"minecraft:climb_one_cm":1406,"minecraft:sprint_one_cm":965842,"minecraft:walk_one_cm":1139038,"minecraft:drop":53,"minecraft:talked_to_villager":22,"minecraft:play_time":407122,"minecraft:deaths":3,"minecraft:sneak_time":7790,"minecraft:walk_under_water_one_cm":52950,"minecraft:boat_one_cm":525872,"minecraft:jump":5806,"minecraft:walk_on_water_one_cm":55854,"minecraft:enchant_item":12,"minecraft:total_world_time":407122,"minecraft:interact_with_furnace":86,"minecraft:sleep_in_bed":8,"minecraft:time_since_rest":66997,"minecraft:damage_taken":2775,"minecraft:damage_dealt":11204,"minecraft:swim_one_cm":53588,"minecraft:fly_one_cm":1154191,"minecraft:open_chest":238,"minecraft:crouch_one_cm":21880,"minecraft:fall_one_cm":127345},"minecraft:picked_up":{"minecraft:allium":6,"minecraft:wheat":148,"minecraft:azure_bluet":7,"minecraft:chicken":3,"minecraft:nether_wart":1,"minecraft:smithing_table":6,"minecraft:amethyst_block":13,"minecraft:cornflower":3,"minecraft:string":36,"minecraft:soul_soil":2,"minecraft:raw_copper":205,"minecraft:cobbled_deepslate":605,"minecraft:beef":183,"minecraft:oak_boat":7,"minecraft:calcite":4,"minecraft:iron_nugget":8,"minecraft:poppy":19,"minecraft:sugar_cane":1,"minecraft:birch_sapling":2,"minecraft:egg":3,"minecraft:stick":11,"minecraft:raw_iron":147,"minecraft:cherry_stairs":1,"minecraft:composter":3,"minecraft:torch":21,"minecraft:pointed_dripstone":9,"minecraft:diorite":179,"minecraft:carrot":206,"minecraft:redstone":75,"minecraft:arrow":1,"minecraft:rotten_flesh":6,"minecraft:glow_berries":58,"minecraft:mutton":1,"minecraft:cobblestone":1318,"minecraft:white_wool":15,"minecraft:bone_block":26,"minecraft:birch_log":38,"minecraft:enchanting_table":4,"minecraft:pink_petals":25,"minecraft:magma_block":5,"minecraft:feather":5,"minecraft:lilac":14,"minecraft:cherry_leaves":65,"minecraft:glow_ink_sac":6,"minecraft:andesite":2,"minecraft:leather":81,"minecraft:birch_planks":1,"minecraft:light_gray_dye":2,"minecraft:oak_log":175,"minecraft:tuff":47,"minecraft:lapis_lazuli":91,"minecraft:dirt":3390,"minecraft:bow":1,"minecraft:wheat_seeds":502,"minecraft:iron_ingot":4,"minecraft:oak_planks":5,"minecraft:soul_sand":14,"minecraft:cooked_porkchop":4,"minecraft:dandelion":32,"minecraft:dripstone_block":6,"minecraft:gravel":7,"minecraft:sand":70,"minecraft:amethyst_shard":18,"minecraft:white_bed":1,"minecraft:diamond_shovel":1,"minecraft:diamond":37,"minecraft:short_grass":1,"minecraft:granite":10,"minecraft:cherry_sapling":9,"minecraft:emerald":2,"minecraft:bread":1,"minecraft:netherrack":64,"minecraft:oak_sapling":5,"minecraft:coal":169,"minecraft:diamond_pickaxe":2},"minecraft:broken":{"minecraft:diamond_pickaxe":1},"minecraft:killed":{"minecraft:horse":1,"minecraft:skeleton":1,"minecraft:chicken":3,"minecraft:silverfish":4,"minecraft:iron_golem":1,"minecraft:trader_llama":1,"minecraft:zombie":4,"minecraft:cow":92},"minecraft:used":{"minecraft:oak_trapdoor":2,"minecraft:cherry_sapling":1,"minecraft:enchanting_table":4,"minecraft:poppy":1,"minecraft:oak_sign":9,"minecraft:chest":4,"minecraft:torch":271,"minecraft:dirt":990,"minecraft:anvil":1,"minecraft:carrot":258,"minecraft:granite":1,"minecraft:glass":109,"minecraft:iron_hoe":147,"minecraft:lantern":1,"minecraft:iron_helmet":1,"minecraft:iron_boots":1,"minecraft:diamond_chestplate":1,"minecraft:soul_soil":1,"minecraft:oak_sapling":3,"minecraft:cooked_beef":35,"minecraft:short_grass":1,"minecraft:wheat_seeds":146,"minecraft:water_bucket":17,"minecraft:diorite":4,"minecraft:birch_planks":13,"minecraft:oak_planks":3,"minecraft:composter":4,"minecraft:diamond_axe":401,"minecraft:glow_berries":56,"minecraft:crafting_table":3,"minecraft:white_bed":6,"minecraft:dripstone_block":2,"minecraft:shears":97,"minecraft:oak_log":10,"minecraft:diamond_pickaxe":2635,"minecraft:diamond_shovel":3521,"minecraft:bread":1,"minecraft:cherry_stairs":1,"minecraft:cobblestone":338,"minecraft:smithing_table":5,"minecraft:bucket":17,"minecraft:andesite":2,"minecraft:birch_log":7,"minecraft:oak_boat":7,"minecraft:diamond_leggings":1,"minecraft:dandelion":1,"minecraft:bone_meal":129}},"DataVersion":3953}