{"stats":{"minecraft:killed":{"minecraft:spider":10,"minecraft:skeleton":1,"minecraft:sheep":13,"minecraft:zombie":3,"minecraft:cow":1},"minecraft:picked_up":{"minecraft:wooden_axe":1,"minecraft:fishing_rod":1,"minecraft:crafting_table":23,"minecraft:iron_chestplate":4,"minecraft:wheat":19,"minecraft:azure_bluet":4,"minecraft:ladder":4,"minecraft:redstone_lamp":1,"minecraft:stripped_cherry_log":147,"minecraft:amethyst_block":63,"minecraft:string":31,"minecraft:raw_copper":1059,"minecraft:deepslate_lapis_ore":1,"minecraft:iron_leggings":2,"minecraft:iron_shovel":2,"minecraft:cherry_boat":2,"minecraft:cobbled_deepslate":1983,"minecraft:deepslate_diamond_ore":11,"minecraft:beef":2,"minecraft:redstone_torch":1,"minecraft:rose_bush":4,"minecraft:light_gray_wool":2,"minecraft:calcite":8,"minecraft:iron_pickaxe":7,"minecraft:chest":8,"minecraft:sugar_cane":20,"minecraft:cherry_trapdoor":9,"minecraft:egg":6,"minecraft:iron_boots":3,"minecraft:furnace":2,"minecraft:stick":269,"minecraft:raw_iron":299,"minecraft:stone":3,"minecraft:torch":419,"minecraft:cherry_log":534,"minecraft:pointed_dripstone":120,"minecraft:diorite":41,"minecraft:carrot":117,"minecraft:redstone":216,"minecraft:rotten_flesh":14,"minecraft:arrow":3,"minecraft:stone_shovel":2,"minecraft:peony":5,"minecraft:shears":1,"minecraft:mutton":17,"minecraft:rail":8,"minecraft:white_wool":11,"minecraft:cobblestone":1331,"minecraft:oxeye_daisy":2,"minecraft:lapis_ore":1,"minecraft:stripped_oak_log":2,"minecraft:pink_petals":75,"minecraft:cooked_beef":30,"minecraft:cherry_planks":153,"minecraft:cherry_leaves":1037,"minecraft:glow_ink_sac":1,"minecraft:andesite":17,"minecraft:brown_wool":1,"minecraft:leather":2,"minecraft:flint":20,"minecraft:tuff":581,"minecraft:oak_log":123,"minecraft:waxed_copper_block":4,"minecraft:cherry_fence":7,"minecraft:gunpowder":2,"minecraft:cherry_door":3,"minecraft:lapis_lazuli":150,"minecraft:dirt":1104,"minecraft:bone":1,"minecraft:apple":3,"minecraft:wheat_seeds":17,"minecraft:raw_gold":34,"minecraft:iron_ingot":67,"minecraft:stone_pickaxe":12,"minecraft:iron_sword":1,"minecraft:oak_planks":122,"minecraft:pink_bed":6,"minecraft:pumpkin":15,"minecraft:dandelion":3,"minecraft:raw_iron_block":4,"minecraft:dripstone_block":78,"minecraft:gravel":339,"minecraft:sand":259,"minecraft:amethyst_shard":4,"minecraft:white_bed":3,"minecraft:spider_eye":30,"minecraft:coal_ore":2,"minecraft:diamond":21,"minecraft:stone_axe":7,"minecraft:deepslate_gold_ore":6,"minecraft:iron_helmet":4,"minecraft:granite":115,"minecraft:cherry_sapling":238,"minecraft:golden_apple":1,"minecraft:bread":14,"minecraft:baked_potato":2,"minecraft:oak_sapling":54,"minecraft:cherry_slab":16,"minecraft:pink_dye":1,"minecraft:coal":994,"minecraft:oak_leaves":8},"minecraft:killed_by":{"minecraft:spider":1,"minecraft:drowned":1,"minecraft:skeleton":2,"minecraft:zombie":6},"minecraft:mined":{"minecraft:tuff":319,"minecraft:white_bed":1,"minecraft:oak_sapling":1,"minecraft:pink_bed":4,"minecraft:cherry_log":515,"minecraft:cherry_sapling":29,"minecraft:stripped_cherry_log":148,"minecraft:granite":60,"minecraft:glow_lichen":3,"minecraft:cherry_trapdoor":9,"minecraft:ladder":2,"minecraft:budding_amethyst":4,"minecraft:grass_block":303,"minecraft:oxeye_daisy":1,"minecraft:raw_iron_block":4,"minecraft:furnace":1,"minecraft:carrots":24,"minecraft:iron_ore":73,"minecraft:fire":8,"minecraft:cobbled_deepslate":1,"minecraft:andesite":12,"minecraft:pumpkin":15,"minecraft:deepslate_lapis_ore":8,"minecraft:peony":6,"minecraft:pointed_dripstone":76,"minecraft:cave_vines":4,"minecraft:deepslate_iron_ore":165,"minecraft:stripped_oak_log":1,"minecraft:stone":787,"minecraft:redstone_wall_torch":1,"minecraft:tripwire":8,"minecraft:deepslate_redstone_ore":23,"minecraft:cherry_planks":59,"minecraft:dandelion":1,"minecraft:crafting_table":18,"minecraft:torch":28,"minecraft:short_grass":59,"minecraft:calcite":10,"minecraft:chest":5,"minecraft:rose_bush":5,"minecraft:cobblestone":81,"minecraft:tall_grass":3,"minecraft:copper_ore":192,"minecraft:deepslate_gold_ore":32,"minecraft:lapis_ore":5,"minecraft:oak_planks":47,"minecraft:sugar_cane":11,"minecraft:diorite":30,"minecraft:wall_torch":22,"minecraft:amethyst_block":66,"minecraft:cherry_slab":16,"minecraft:pink_petals":25,"minecraft:cherry_fence":6,"minecraft:wheat":3,"minecraft:cherry_door":2,"minecraft:coal_ore":726,"minecraft:oak_log":123,"minecraft:sand":260,"minecraft:cherry_leaves":2326,"minecraft:gravel":230,"minecraft:dripstone_block":49,"minecraft:dirt":562,"minecraft:smooth_basalt":1,"minecraft:redstone_lamp":1,"minecraft:oak_leaves":613,"minecraft:deepslate":887},"minecraft:broken":{"minecraft:iron_shovel":1,"minecraft:shears":5,"minecraft:stone_pickaxe":13,"minecraft:iron_axe":1,"minecraft:stone_axe":5,"minecraft:iron_pickaxe":8,"minecraft:wooden_axe":3,"minecraft:stone_shovel":1},"minecraft:custom":{"minecraft:mob_kills":29,"minecraft:interact_with_anvil":3,"minecraft:interact_with_crafting_table":86,"minecraft:leave_game":10,"minecraft:time_since_death":37998,"minecraft:climb_one_cm":50417,"minecraft:sprint_one_cm":1380575,"minecraft:walk_one_cm":3713858,"minecraft:drop":33,"minecraft:talked_to_villager":7,"minecraft:play_time":1050710,"minecraft:deaths":14,"minecraft:sneak_time":1091,"minecraft:walk_under_water_one_cm":70328,"minecraft:boat_one_cm":202909,"minecraft:jump":8806,"minecraft:walk_on_water_one_cm":139533,"minecraft:total_world_time":1050710,"minecraft:interact_with_furnace":51,"minecraft:sleep_in_bed":21,"minecraft:time_since_rest":36968,"minecraft:damage_taken":6032,"minecraft:damage_dealt":5330,"minecraft:swim_one_cm":9339,"minecraft:fly_one_cm":136813,"minecraft:open_chest":358,"minecraft:crouch_one_cm":2502,"minecraft:fall_one_cm":99828},"minecraft:dropped":{"minecraft:wheat_seeds":1,"minecraft:cooked_beef":1,"minecraft:deepslate_diamond_ore":11,"minecraft:cobblestone":93,"minecraft:rail":8,"minecraft:golden_apple":1,"minecraft:diorite":15,"minecraft:cherry_trapdoor":4,"minecraft:iron_pickaxe":2,"minecraft:iron_shovel":1,"minecraft:gravel":38,"minecraft:pink_dye":1,"minecraft:wheat":1,"minecraft:pointed_dripstone":81,"minecraft:rotten_flesh":8,"minecraft:oak_planks":11,"minecraft:stripped_cherry_log":1,"minecraft:stone_pickaxe":1,"minecraft:calcite":8},"minecraft:used":{"minecraft:cherry_boat":3,"minecraft:cherry_sapling":100,"minecraft:iron_shovel":388,"minecraft:stone_shovel":118,"minecraft:ladder":10,"minecraft:chest":10,"minecraft:iron_sword":209,"minecraft:oak_door":3,"minecraft:torch":345,"minecraft:dirt":772,"minecraft:carrot":30,"minecraft:tuff":49,"minecraft:granite":49,"minecraft:wooden_axe":233,"minecraft:iron_axe":266,"minecraft:cherry_slab":21,"minecraft:cherry_trapdoor":29,"minecraft:cherry_leaves":1013,"minecraft:redstone_lamp":2,"minecraft:furnace":2,"minecraft:oak_sapling":34,"minecraft:cooked_beef":29,"minecraft:cobbled_deepslate":14,"minecraft:cherry_fence":18,"minecraft:cherry_log":133,"minecraft:cobbled_deepslate_wall":4,"minecraft:wheat_seeds":3,"minecraft:diorite":5,"minecraft:amethyst_block":36,"minecraft:stone_pickaxe":1727,"minecraft:baked_potato":1,"minecraft:oak_planks":46,"minecraft:cherry_planks":570,"minecraft:crafting_table":18,"minecraft:shears":1264,"minecraft:redstone_torch":2,"minecraft:oak_log":6,"minecraft:apple":3,"minecraft:cherry_door":4,"minecraft:bread":11,"minecraft:iron_pickaxe":2186,"minecraft:gravel":9,"minecraft:stone_axe":773,"minecraft:pink_bed":5,"minecraft:pink_petals":52,"minecraft:cobblestone":578,"minecraft:andesite":1,"minecraft:stripped_cherry_log":124},"minecraft:crafted":{"minecraft:cherry_planks":772,"minecraft:oak_door":3,"minecraft:oak_planks":288,"minecraft:stone_shovel":2,"minecraft:cherry_slab":114,"minecraft:pink_bed":2,"minecraft:furnace":3,"minecraft:cherry_boat":2,"minecraft:stone":64,"minecraft:pink_dye":9,"minecraft:raw_copper_block":56,"minecraft:cherry_trapdoor":24,"minecraft:glass":38,"minecraft:diamond_leggings":1,"minecraft:iron_boots":2,"minecraft:iron_axe":3,"minecraft:ladder":6,"minecraft:stone_pickaxe":18,"minecraft:chest":7,"minecraft:diamond_boots":1,"minecraft:cherry_fence":18,"minecraft:pink_stained_glass":32,"minecraft:cooked_beef":1,"minecraft:redstone_lamp":1,"minecraft:crafting_table":7,"minecraft:iron_helmet":2,"minecraft:iron_sword":2,"minecraft:cobbled_deepslate_wall":24,"minecraft:bucket":2,"minecraft:campfire":1,"minecraft:stone_axe":8,"minecraft:iron_chestplate":1,"minecraft:shield":1,"minecraft:stick":100,"minecraft:iron_ingot":149,"minecraft:iron_pickaxe":12,"minecraft:wooden_axe":5,"minecraft:iron_shovel":2,"minecraft:cherry_door":3,"minecraft:iron_leggings":1,"minecraft:white_bed":2,"minecraft:redstone_torch":6,"minecraft:torch":276,"minecraft:shears":6,"minecraft:diamond_chestplate":1}},"DataVersion":3953}