{"stats":{"minecraft:killed_by":{"minecraft:player":1,"minecraft:zombie":1},"minecraft:mined":{"minecraft:attached_pumpkin_stem":1,"minecraft:carrots":91,"minecraft:wheat":80,"minecraft:pumpkin_stem":1,"minecraft:pumpkin":19,"minecraft:potatoes":5,"minecraft:grass_block":2,"minecraft:oak_log":7,"minecraft:beetroots":1,"minecraft:dirt":9},"minecraft:crafted":{"minecraft:oak_planks":12,"minecraft:crafting_table":1,"minecraft:stick":4,"minecraft:wooden_pickaxe":1,"minecraft:wooden_axe":1},"minecraft:custom":{"minecraft:time_since_rest":59781,"minecraft:sprint_one_cm":8902,"minecraft:damage_taken":510,"minecraft:walk_one_cm":286001,"minecraft:damage_dealt":139,"minecraft:interact_with_crafting_table":2,"minecraft:fly_one_cm":1027,"minecraft:open_chest":14,"minecraft:crouch_one_cm":870,"minecraft:play_time":80697,"minecraft:deaths":2,"minecraft:sneak_time":1536,"minecraft:jump":218,"minecraft:leave_game":5,"minecraft:walk_on_water_one_cm":3013,"minecraft:time_since_death":59132,"minecraft:total_world_time":80697,"minecraft:fall_one_cm":2867},"minecraft:picked_up":{"minecraft:wheat":80,"minecraft:pumpkin":19,"minecraft:potato":21,"minecraft:oak_log":6,"minecraft:carrot":245,"minecraft:dirt":138,"minecraft:pumpkin_seeds":2,"minecraft:stone_sword":1,"minecraft:beetroot":1,"minecraft:stone_axe":2,"minecraft:cherry_boat":1,"minecraft:beetroot_seeds":2,"minecraft:wheat_seeds":224,"minecraft:stone_pickaxe":1,"minecraft:bread":5,"minecraft:oak_sapling":2,"minecraft:egg":1},"minecraft:used":{"minecraft:wheat_seeds":80,"minecraft:stone_sword":5,"minecraft:stone_pickaxe":89,"minecraft:wooden_pickaxe":1,"minecraft:stone_axe":4,"minecraft:dirt":31,"minecraft:crafting_table":1,"minecraft:carrot":112,"minecraft:beetroot_seeds":2,"minecraft:potato":21,"minecraft:pumpkin_seeds":1}},"DataVersion":3953}