{"stats":{"minecraft:killed_by":{"minecraft:player":2,"minecraft:zombie":1},"minecraft:dropped":{"minecraft:cherry_log":10,"minecraft:oak_stairs":1,"minecraft:carrot":64},"minecraft:mined":{"minecraft:pink_petals":7,"minecraft:attached_pumpkin_stem":1,"minecraft:oak_slab":6,"minecraft:carrots":91,"minecraft:wheat":80,"minecraft:cherry_log":35,"minecraft:pumpkin_stem":1,"minecraft:pumpkin":19,"minecraft:torch":1,"minecraft:oak_stairs":26,"minecraft:short_grass":13,"minecraft:potatoes":5,"minecraft:grass_block":244,"minecraft:oak_log":73,"minecraft:beetroots":1,"minecraft:cherry_leaves":7,"minecraft:dirt":84,"minecraft:sugar_cane":2,"minecraft:oak_leaves":76},"minecraft:crafted":{"minecraft:oak_planks":12,"minecraft:crafting_table":1,"minecraft:stick":4,"minecraft:wooden_pickaxe":1,"minecraft:wooden_axe":1},"minecraft:custom":{"minecraft:time_since_rest":131874,"minecraft:sprint_one_cm":96576,"minecraft:damage_taken":1230,"minecraft:walk_one_cm":948796,"minecraft:drop":3,"minecraft:damage_dealt":139,"minecraft:interact_with_crafting_table":8,"minecraft:fly_one_cm":11914,"minecraft:open_chest":29,"minecraft:crouch_one_cm":3297,"minecraft:play_time":230697,"minecraft:deaths":4,"minecraft:sneak_time":3496,"minecraft:jump":842,"minecraft:leave_game":5,"minecraft:walk_on_water_one_cm":3013,"minecraft:time_since_death":131810,"minecraft:total_world_time":230697,"minecraft:fall_one_cm":12109},"minecraft:picked_up":{"minecraft:oak_slab":37,"minecraft:pink_petals":47,"minecraft:stick":8,"minecraft:wheat":80,"minecraft:cooked_porkchop":4,"minecraft:pumpkin":19,"minecraft:torch":3,"minecraft:oak_stairs":2,"minecraft:potato":21,"minecraft:oak_log":74,"minecraft:cherry_log":24,"minecraft:carrot":309,"minecraft:dirt":641,"minecraft:iron_axe":1,"minecraft:iron_shovel":1,"minecraft:pumpkin_seeds":3,"minecraft:stone_sword":2,"minecraft:apple":3,"minecraft:rotten_flesh":2,"minecraft:beetroot":1,"minecraft:stone_axe":4,"minecraft:beetroot_seeds":2,"minecraft:cherry_boat":2,"minecraft:wheat_seeds":229,"minecraft:bone_meal":30,"minecraft:stone_pickaxe":2,"minecraft:cherry_sapling":5,"minecraft:bread":5,"minecraft:oak_sapling":19,"minecraft:sugar_cane":2,"minecraft:cobblestone":14,"minecraft:egg":2},"minecraft:broken":{"minecraft:stone_axe":1},"minecraft:used":{"minecraft:wheat_seeds":80,"minecraft:stone_sword":5,"minecraft:iron_shovel":216,"minecraft:stone_pickaxe":145,"minecraft:iron_pickaxe":11,"minecraft:wooden_pickaxe":1,"minecraft:stone_axe":140,"minecraft:dirt":133,"minecraft:oak_slab":37,"minecraft:crafting_table":1,"minecraft:carrot":123,"minecraft:beetroot_seeds":2,"minecraft:potato":21,"minecraft:bone_meal":9,"minecraft:pumpkin_seeds":1}},"DataVersion":3953}