{"stats":{"minecraft:killed_by":{"minecraft:spider":1,"minecraft:zombie":1},"minecraft:mined":{"minecraft:pink_petals":5,"minecraft:short_grass":4,"minecraft:grass_block":8,"minecraft:oak_log":12,"minecraft:dirt_path":2,"minecraft:dirt":20,"minecraft:stone":14,"minecraft:oak_leaves":6},"minecraft:crafted":{"minecraft:oak_planks":36,"minecraft:stone_shovel":1,"minecraft:crafting_table":2,"minecraft:stick":4,"minecraft:wooden_pickaxe":1,"minecraft:stone_pickaxe":1,"minecraft:stone_sword":1,"minecraft:bread":30,"minecraft:wheat":90},"minecraft:custom":{"minecraft:time_since_rest":8573,"minecraft:interact_with_furnace":1,"minecraft:sprint_one_cm":89813,"minecraft:damage_taken":575,"minecraft:walk_one_cm":94037,"minecraft:mob_kills":1,"minecraft:damage_dealt":197,"minecraft:interact_with_crafting_table":7,"minecraft:swim_one_cm":3242,"minecraft:fly_one_cm":15274,"minecraft:open_chest":4,"minecraft:crouch_one_cm":514,"minecraft:play_time":31915,"minecraft:deaths":2,"minecraft:sneak_time":106,"minecraft:walk_under_water_one_cm":909,"minecraft:jump":283,"minecraft:leave_game":6,"minecraft:walk_on_water_one_cm":3010,"minecraft:time_since_death":13869,"minecraft:sleep_in_bed":1,"minecraft:total_world_time":31915,"minecraft:fall_one_cm":4778},"minecraft:picked_up":{"minecraft:pink_petals":4,"minecraft:oak_log":12,"minecraft:dirt":30,"minecraft:rotten_flesh":1,"minecraft:cherry_sapling":3,"minecraft:bread":2,"minecraft:oak_sapling":1,"minecraft:sugar_cane":1,"minecraft:cobblestone":14},"minecraft:killed":{"minecraft:zombie":1},"minecraft:used":{"minecraft:oak_log":2,"minecraft:cherry_sapling":3,"minecraft:stone_sword":18,"minecraft:bread":2,"minecraft:stone_shovel":18,"minecraft:stone_pickaxe":14,"minecraft:pink_petals":4,"minecraft:dirt":14,"minecraft:crafting_table":1}},"DataVersion":3953}