{"stats":{"minecraft:killed_by":{"minecraft:player":2,"minecraft:zombie":1},"minecraft:dropped":{"minecraft:cherry_log":10,"minecraft:carrot":64},"minecraft:mined":{"minecraft:pink_petals":7,"minecraft:attached_pumpkin_stem":1,"minecraft:carrots":91,"minecraft:wheat":80,"minecraft:cherry_log":35,"minecraft:pumpkin_stem":1,"minecraft:pumpkin":19,"minecraft:torch":1,"minecraft:short_grass":10,"minecraft:potatoes":5,"minecraft:grass_block":244,"minecraft:oak_log":15,"minecraft:beetroots":1,"minecraft:cherry_leaves":7,"minecraft:dirt":84,"minecraft:oak_leaves":6},"minecraft:crafted":{"minecraft:oak_planks":12,"minecraft:crafting_table":1,"minecraft:stick":4,"minecraft:wooden_pickaxe":1,"minecraft:wooden_axe":1},"minecraft:custom":{"minecraft:time_since_rest":95874,"minecraft:sprint_one_cm":95242,"minecraft:damage_taken":1230,"minecraft:walk_one_cm":844285,"minecraft:drop":2,"minecraft:damage_dealt":139,"minecraft:interact_with_crafting_table":7,"minecraft:fly_one_cm":11858,"minecraft:open_chest":26,"minecraft:crouch_one_cm":870,"minecraft:play_time":194697,"minecraft:deaths":4,"minecraft:sneak_time":1536,"minecraft:jump":794,"minecraft:leave_game":5,"minecraft:walk_on_water_one_cm":3013,"minecraft:time_since_death":95810,"minecraft:total_world_time":194697,"minecraft:fall_one_cm":11482},"minecraft:picked_up":{"minecraft:pink_petals":47,"minecraft:stick":2,"minecraft:wheat":80,"minecraft:cooked_porkchop":4,"minecraft:pumpkin":19,"minecraft:torch":3,"minecraft:potato":21,"minecraft:oak_log":17,"minecraft:cherry_log":24,"minecraft:carrot":309,"minecraft:dirt":641,"minecraft:iron_axe":1,"minecraft:iron_shovel":1,"minecraft:pumpkin_seeds":3,"minecraft:stone_sword":2,"minecraft:rotten_flesh":2,"minecraft:beetroot":1,"minecraft:stone_axe":4,"minecraft:beetroot_seeds":2,"minecraft:cherry_boat":2,"minecraft:wheat_seeds":229,"minecraft:bone_meal":30,"minecraft:stone_pickaxe":2,"minecraft:cherry_sapling":5,"minecraft:bread":5,"minecraft:oak_sapling":5,"minecraft:cobblestone":14,"minecraft:egg":2},"minecraft:used":{"minecraft:wheat_seeds":80,"minecraft:stone_sword":5,"minecraft:iron_shovel":216,"minecraft:stone_pickaxe":122,"minecraft:iron_pickaxe":11,"minecraft:wooden_pickaxe":1,"minecraft:stone_axe":7,"minecraft:dirt":132,"minecraft:crafting_table":1,"minecraft:carrot":120,"minecraft:beetroot_seeds":2,"minecraft:potato":21,"minecraft:bone_meal":9,"minecraft:pumpkin_seeds":1}},"DataVersion":3953}