{"stats":{"minecraft:killed_by":{"minecraft:player":2,"minecraft:zombie":1},"minecraft:dropped":{"minecraft:carrot":64},"minecraft:mined":{"minecraft:pink_petals":7,"minecraft:attached_pumpkin_stem":1,"minecraft:carrots":91,"minecraft:wheat":80,"minecraft:cherry_log":35,"minecraft:pumpkin_stem":1,"minecraft:pumpkin":19,"minecraft:short_grass":4,"minecraft:potatoes":5,"minecraft:grass_block":21,"minecraft:oak_log":7,"minecraft:beetroots":1,"minecraft:cherry_leaves":7,"minecraft:dirt":13},"minecraft:crafted":{"minecraft:oak_planks":12,"minecraft:crafting_table":1,"minecraft:stick":4,"minecraft:wooden_pickaxe":1,"minecraft:wooden_axe":1},"minecraft:custom":{"minecraft:time_since_rest":29874,"minecraft:sprint_one_cm":35511,"minecraft:damage_taken":1200,"minecraft:walk_one_cm":496166,"minecraft:drop":1,"minecraft:damage_dealt":139,"minecraft:interact_with_crafting_table":6,"minecraft:fly_one_cm":5524,"minecraft:open_chest":25,"minecraft:crouch_one_cm":870,"minecraft:play_time":128697,"minecraft:deaths":4,"minecraft:sneak_time":1536,"minecraft:jump":574,"minecraft:leave_game":5,"minecraft:walk_on_water_one_cm":3013,"minecraft:time_since_death":29810,"minecraft:total_world_time":128697,"minecraft:fall_one_cm":11213},"minecraft:picked_up":{"minecraft:pink_petals":47,"minecraft:stick":2,"minecraft:wheat":80,"minecraft:pumpkin":19,"minecraft:potato":21,"minecraft:oak_log":6,"minecraft:cherry_log":24,"minecraft:carrot":309,"minecraft:dirt":347,"minecraft:pumpkin_seeds":3,"minecraft:stone_sword":2,"minecraft:beetroot":1,"minecraft:stone_axe":4,"minecraft:beetroot_seeds":2,"minecraft:cherry_boat":2,"minecraft:wheat_seeds":224,"minecraft:stone_pickaxe":2,"minecraft:cherry_sapling":5,"minecraft:bread":5,"minecraft:oak_sapling":2,"minecraft:cobblestone":14,"minecraft:egg":2},"minecraft:used":{"minecraft:wheat_seeds":80,"minecraft:stone_sword":5,"minecraft:stone_pickaxe":109,"minecraft:iron_pickaxe":6,"minecraft:wooden_pickaxe":1,"minecraft:stone_axe":4,"minecraft:dirt":52,"minecraft:crafting_table":1,"minecraft:carrot":115,"minecraft:beetroot_seeds":2,"minecraft:potato":21,"minecraft:pumpkin_seeds":1}},"DataVersion":3953}