{"stats":{"minecraft:killed_by":{"minecraft:skeleton":2,"minecraft:zombie":6},"minecraft:dropped":{"minecraft:cobblestone":1,"minecraft:rotten_flesh":8,"minecraft:stone_pickaxe":1},"minecraft:mined":{"minecraft:tuff":319,"minecraft:white_bed":1,"minecraft:oak_sapling":1,"minecraft:pink_bed":4,"minecraft:cherry_log":445,"minecraft:cherry_sapling":23,"minecraft:glow_lichen":3,"minecraft:ladder":2,"minecraft:granite":59,"minecraft:grass_block":185,"minecraft:raw_iron_block":4,"minecraft:carrots":24,"minecraft:iron_ore":30,"minecraft:cobbled_deepslate":1,"minecraft:fire":8,"minecraft:andesite":4,"minecraft:pumpkin":15,"minecraft:deepslate_lapis_ore":7,"minecraft:pointed_dripstone":24,"minecraft:cave_vines":4,"minecraft:deepslate_iron_ore":163,"minecraft:stripped_oak_log":1,"minecraft:stone":698,"minecraft:tripwire":6,"minecraft:deepslate_redstone_ore":23,"minecraft:cherry_planks":37,"minecraft:crafting_table":12,"minecraft:torch":15,"minecraft:short_grass":25,"minecraft:chest":5,"minecraft:cobblestone":80,"minecraft:copper_ore":159,"minecraft:tall_grass":2,"minecraft:lapis_ore":2,"minecraft:deepslate_gold_ore":29,"minecraft:sugar_cane":10,"minecraft:oak_planks":45,"minecraft:diorite":24,"minecraft:wall_torch":13,"minecraft:pink_petals":22,"minecraft:wheat":2,"minecraft:cherry_door":2,"minecraft:coal_ore":544,"minecraft:oak_log":103,"minecraft:cherry_leaves":1172,"minecraft:gravel":227,"minecraft:dripstone_block":39,"minecraft:dirt":305,"minecraft:oak_leaves":568,"minecraft:deepslate":877},"minecraft:custom":{"minecraft:mob_kills":6,"minecraft:interact_with_crafting_table":38,"minecraft:leave_game":6,"minecraft:time_since_death":11632,"minecraft:climb_one_cm":25554,"minecraft:sprint_one_cm":567884,"minecraft:walk_one_cm":2083209,"minecraft:drop":8,"minecraft:talked_to_villager":7,"minecraft:play_time":603835,"minecraft:deaths":12,"minecraft:sneak_time":520,"minecraft:walk_under_water_one_cm":29482,"minecraft:jump":5371,"minecraft:walk_on_water_one_cm":57706,"minecraft:total_world_time":603835,"minecraft:interact_with_furnace":34,"minecraft:sleep_in_bed":12,"minecraft:time_since_rest":11751,"minecraft:damage_taken":4021,"minecraft:damage_dealt":1290,"minecraft:fly_one_cm":83095,"minecraft:swim_one_cm":1291,"minecraft:open_chest":190,"minecraft:crouch_one_cm":806,"minecraft:fall_one_cm":58208},"minecraft:crafted":{"minecraft:cherry_planks":708,"minecraft:oak_door":3,"minecraft:oak_planks":236,"minecraft:stone_shovel":1,"minecraft:pink_bed":2,"minecraft:furnace":2,"minecraft:stone":64,"minecraft:pink_dye":2,"minecraft:glass":3,"minecraft:iron_boots":1,"minecraft:ladder":6,"minecraft:stone_pickaxe":17,"minecraft:chest":5,"minecraft:cherry_fence":3,"minecraft:cooked_beef":1,"minecraft:crafting_table":4,"minecraft:iron_helmet":1,"minecraft:stone_axe":7,"minecraft:iron_chestplate":1,"minecraft:stick":52,"minecraft:iron_ingot":134,"minecraft:iron_pickaxe":7,"minecraft:wooden_axe":4,"minecraft:cherry_door":3,"minecraft:iron_leggings":1,"minecraft:white_bed":1,"minecraft:torch":248},"minecraft:picked_up":{"minecraft:wooden_axe":1,"minecraft:iron_chestplate":3,"minecraft:crafting_table":17,"minecraft:wheat":18,"minecraft:azure_bluet":4,"minecraft:ladder":4,"minecraft:string":9,"minecraft:raw_copper":945,"minecraft:cobbled_deepslate":1963,"minecraft:beef":2,"minecraft:iron_pickaxe":3,"minecraft:sugar_cane":17,"minecraft:chest":8,"minecraft:iron_boots":3,"minecraft:egg":6,"minecraft:stick":263,"minecraft:raw_iron":255,"minecraft:torch":371,"minecraft:cherry_log":465,"minecraft:pointed_dripstone":54,"minecraft:diorite":26,"minecraft:carrot":117,"minecraft:redstone":216,"minecraft:rotten_flesh":13,"minecraft:arrow":1,"minecraft:stone_shovel":2,"minecraft:shears":1,"minecraft:white_wool":1,"minecraft:cobblestone":1158,"minecraft:stripped_oak_log":2,"minecraft:pink_petals":71,"minecraft:cherry_planks":138,"minecraft:cherry_leaves":215,"minecraft:andesite":5,"minecraft:leather":2,"minecraft:flint":20,"minecraft:tuff":580,"minecraft:oak_log":103,"minecraft:waxed_copper_block":4,"minecraft:cherry_fence":3,"minecraft:gunpowder":2,"minecraft:cherry_door":3,"minecraft:lapis_lazuli":129,"minecraft:dirt":671,"minecraft:apple":3,"minecraft:wheat_seeds":12,"minecraft:raw_gold":31,"minecraft:iron_ingot":2,"minecraft:stone_pickaxe":12,"minecraft:oak_planks":109,"minecraft:pink_bed":6,"minecraft:pumpkin":15,"minecraft:raw_iron_block":4,"minecraft:dripstone_block":64,"minecraft:gravel":316,"minecraft:white_bed":3,"minecraft:spider_eye":2,"minecraft:stone_axe":7,"minecraft:iron_helmet":3,"minecraft:granite":97,"minecraft:cherry_sapling":224,"minecraft:bread":14,"minecraft:baked_potato":2,"minecraft:oak_sapling":47,"minecraft:coal":806},"minecraft:broken":{"minecraft:shears":1,"minecraft:stone_pickaxe":12,"minecraft:stone_axe":3,"minecraft:iron_pickaxe":6,"minecraft:wooden_axe":3,"minecraft:stone_shovel":1},"minecraft:killed":{"minecraft:spider":1,"minecraft:zombie":3,"minecraft:cow":1},"minecraft:used":{"minecraft:cherry_sapling":42,"minecraft:stone_shovel":118,"minecraft:ladder":10,"minecraft:chest":10,"minecraft:oak_door":3,"minecraft:torch":246,"minecraft:dirt":495,"minecraft:carrot":23,"minecraft:tuff":49,"minecraft:granite":49,"minecraft:wooden_axe":232,"minecraft:cherry_leaves":128,"minecraft:oak_sapling":30,"minecraft:furnace":2,"minecraft:cooked_beef":1,"minecraft:cobbled_deepslate":14,"minecraft:wheat_seeds":2,"minecraft:diorite":5,"minecraft:stone_pickaxe":1688,"minecraft:baked_potato":1,"minecraft:oak_planks":45,"minecraft:cherry_planks":432,"minecraft:crafting_table":11,"minecraft:shears":124,"minecraft:oak_log":6,"minecraft:apple":3,"minecraft:cherry_door":4,"minecraft:bread":11,"minecraft:iron_pickaxe":1652,"minecraft:gravel":9,"minecraft:stone_axe":591,"minecraft:pink_petals":52,"minecraft:pink_bed":5,"minecraft:cobblestone":477,"minecraft:andesite":1}},"DataVersion":3953}