{"stats":{"minecraft:killed":{"minecraft:zombie":2,"minecraft:cow":1},"minecraft:picked_up":{"minecraft:wooden_axe":1,"minecraft:stripped_oak_log":2,"minecraft:pink_petals":71,"minecraft:crafting_table":10,"minecraft:wheat":16,"minecraft:azure_bluet":4,"minecraft:andesite":1,"minecraft:ladder":4,"minecraft:cherry_planks":138,"minecraft:cherry_leaves":215,"minecraft:leather":2,"minecraft:tuff":8,"minecraft:flint":10,"minecraft:waxed_copper_block":4,"minecraft:oak_log":103,"minecraft:cherry_fence":3,"minecraft:gunpowder":2,"minecraft:cherry_door":3,"minecraft:dirt":581,"minecraft:string":7,"minecraft:raw_copper":304,"minecraft:apple":3,"minecraft:wheat_seeds":10,"minecraft:cobbled_deepslate":400,"minecraft:stone_pickaxe":12,"minecraft:beef":2,"minecraft:sugar_cane":17,"minecraft:chest":6,"minecraft:oak_planks":71,"minecraft:egg":4,"minecraft:pink_bed":6,"minecraft:stick":203,"minecraft:raw_iron":7,"minecraft:pumpkin":15,"minecraft:torch":273,"minecraft:raw_iron_block":1,"minecraft:gravel":152,"minecraft:cherry_log":465,"minecraft:diorite":25,"minecraft:pointed_dripstone":7,"minecraft:white_bed":3,"minecraft:carrot":113,"minecraft:stone_shovel":1,"minecraft:arrow":1,"minecraft:rotten_flesh":10,"minecraft:stone_axe":4,"minecraft:shears":1,"minecraft:granite":97,"minecraft:cherry_sapling":224,"minecraft:bread":14,"minecraft:baked_potato":2,"minecraft:oak_sapling":47,"minecraft:coal":374,"minecraft:white_wool":1,"minecraft:cobblestone":643},"minecraft:killed_by":{"minecraft:skeleton":2,"minecraft:zombie":5},"minecraft:mined":{"minecraft:tuff":8,"minecraft:white_bed":1,"minecraft:oak_sapling":1,"minecraft:cherry_planks":37,"minecraft:pink_bed":4,"minecraft:cherry_log":445,"minecraft:cherry_sapling":23,"minecraft:torch":11,"minecraft:crafting_table":8,"minecraft:glow_lichen":2,"minecraft:ladder":2,"minecraft:granite":59,"minecraft:short_grass":24,"minecraft:grass_block":162,"minecraft:chest":5,"minecraft:copper_ore":45,"minecraft:cobblestone":36,"minecraft:tall_grass":2,"minecraft:sugar_cane":10,"minecraft:oak_planks":45,"minecraft:diorite":24,"minecraft:wall_torch":9,"minecraft:pink_petals":22,"minecraft:raw_iron_block":1,"minecraft:carrots":24,"minecraft:iron_ore":2,"minecraft:wheat":2,"minecraft:fire":8,"minecraft:cherry_door":2,"minecraft:pumpkin":15,"minecraft:deepslate_iron_ore":5,"minecraft:coal_ore":326,"minecraft:pointed_dripstone":6,"minecraft:oak_log":103,"minecraft:cave_vines":4,"minecraft:cherry_leaves":1172,"minecraft:gravel":116,"minecraft:dirt":238,"minecraft:stripped_oak_log":1,"minecraft:stone":503,"minecraft:deepslate":255,"minecraft:oak_leaves":568,"minecraft:tripwire":6},"minecraft:broken":{"minecraft:stone_axe":3,"minecraft:shears":1,"minecraft:wooden_axe":3,"minecraft:stone_pickaxe":9},"minecraft:custom":{"minecraft:interact_with_furnace":25,"minecraft:mob_kills":4,"minecraft:interact_with_crafting_table":28,"minecraft:leave_game":6,"minecraft:time_since_death":19636,"minecraft:sleep_in_bed":11,"minecraft:climb_one_cm":25394,"minecraft:time_since_rest":19702,"minecraft:sprint_one_cm":480900,"minecraft:damage_taken":3307,"minecraft:walk_one_cm":1703358,"minecraft:drop":6,"minecraft:damage_dealt":640,"minecraft:swim_one_cm":1291,"minecraft:talked_to_villager":1,"minecraft:fly_one_cm":68238,"minecraft:open_chest":174,"minecraft:crouch_one_cm":615,"minecraft:play_time":454025,"minecraft:deaths":9,"minecraft:sneak_time":372,"minecraft:walk_under_water_one_cm":15497,"minecraft:jump":4128,"minecraft:walk_on_water_one_cm":35475,"minecraft:total_world_time":454025,"minecraft:fall_one_cm":52981},"minecraft:dropped":{"minecraft:rotten_flesh":5,"minecraft:stone_pickaxe":1},"minecraft:used":{"minecraft:cherry_sapling":42,"minecraft:diorite":4,"minecraft:stone_shovel":104,"minecraft:stone_pickaxe":1382,"minecraft:baked_potato":1,"minecraft:ladder":10,"minecraft:oak_planks":45,"minecraft:chest":9,"minecraft:cherry_planks":432,"minecraft:oak_door":3,"minecraft:torch":145,"minecraft:dirt":393,"minecraft:crafting_table":7,"minecraft:carrot":19,"minecraft:granite":49,"minecraft:shears":124,"minecraft:oak_log":6,"minecraft:wooden_axe":232,"minecraft:apple":3,"minecraft:cherry_door":4,"minecraft:bread":11,"minecraft:cherry_leaves":128,"minecraft:stone_axe":587,"minecraft:pink_bed":5,"minecraft:pink_petals":52,"minecraft:cobblestone":313,"minecraft:oak_sapling":30,"minecraft:andesite":1,"minecraft:cooked_beef":1,"minecraft:cobbled_deepslate":2,"minecraft:wheat_seeds":2},"minecraft:crafted":{"minecraft:cooked_beef":1,"minecraft:cherry_planks":708,"minecraft:oak_door":3,"minecraft:oak_planks":236,"minecraft:stone_shovel":1,"minecraft:crafting_table":4,"minecraft:pink_bed":2,"minecraft:stone":64,"minecraft:stone_axe":7,"minecraft:pink_dye":2,"minecraft:glass":3,"minecraft:ladder":6,"minecraft:stick":44,"minecraft:iron_ingot":13,"minecraft:stone_pickaxe":17,"minecraft:wooden_axe":4,"minecraft:chest":5,"minecraft:cherry_door":3,"minecraft:white_bed":1,"minecraft:torch":172,"minecraft:cherry_fence":3}},"DataVersion":3953}