{"stats":{"minecraft:killed_by":{"minecraft:player":2,"minecraft:zombie":1},"minecraft:dropped":{"minecraft:cherry_log":10,"minecraft:carrot":64},"minecraft:mined":{"minecraft:pink_petals":7,"minecraft:attached_pumpkin_stem":1,"minecraft:carrots":91,"minecraft:wheat":80,"minecraft:cherry_log":35,"minecraft:pumpkin_stem":1,"minecraft:pumpkin":19,"minecraft:short_grass":4,"minecraft:potatoes":5,"minecraft:grass_block":67,"minecraft:oak_log":7,"minecraft:beetroots":1,"minecraft:cherry_leaves":7,"minecraft:dirt":23},"minecraft:crafted":{"minecraft:oak_planks":12,"minecraft:crafting_table":1,"minecraft:stick":4,"minecraft:wooden_pickaxe":1,"minecraft:wooden_axe":1},"minecraft:custom":{"minecraft:time_since_rest":53874,"minecraft:sprint_one_cm":49022,"minecraft:damage_taken":1220,"minecraft:walk_one_cm":598039,"minecraft:drop":2,"minecraft:damage_dealt":139,"minecraft:interact_with_crafting_table":7,"minecraft:fly_one_cm":6963,"minecraft:open_chest":25,"minecraft:crouch_one_cm":870,"minecraft:play_time":152697,"minecraft:deaths":4,"minecraft:sneak_time":1536,"minecraft:jump":622,"minecraft:leave_game":5,"minecraft:walk_on_water_one_cm":3013,"minecraft:time_since_death":53810,"minecraft:total_world_time":152697,"minecraft:fall_one_cm":11213},"minecraft:picked_up":{"minecraft:pink_petals":47,"minecraft:stick":2,"minecraft:wheat":80,"minecraft:cooked_porkchop":4,"minecraft:pumpkin":19,"minecraft:torch":1,"minecraft:potato":21,"minecraft:oak_log":6,"minecraft:cherry_log":24,"minecraft:carrot":309,"minecraft:dirt":402,"minecraft:iron_shovel":1,"minecraft:pumpkin_seeds":3,"minecraft:stone_sword":2,"minecraft:rotten_flesh":2,"minecraft:beetroot":1,"minecraft:stone_axe":4,"minecraft:beetroot_seeds":2,"minecraft:cherry_boat":2,"minecraft:wheat_seeds":225,"minecraft:stone_pickaxe":2,"minecraft:cherry_sapling":5,"minecraft:bread":5,"minecraft:oak_sapling":2,"minecraft:cobblestone":14,"minecraft:egg":2},"minecraft:used":{"minecraft:wheat_seeds":80,"minecraft:stone_sword":5,"minecraft:iron_shovel":17,"minecraft:stone_pickaxe":109,"minecraft:iron_pickaxe":11,"minecraft:wooden_pickaxe":1,"minecraft:stone_axe":4,"minecraft:dirt":105,"minecraft:crafting_table":1,"minecraft:carrot":117,"minecraft:beetroot_seeds":2,"minecraft:potato":21,"minecraft:pumpkin_seeds":1}},"DataVersion":3953}