{"stats":{"minecraft:killed_by":{"minecraft:player":2,"minecraft:zombie":1},"minecraft:mined":{"minecraft:attached_pumpkin_stem":1,"minecraft:carrots":91,"minecraft:wheat":80,"minecraft:pumpkin_stem":1,"minecraft:pumpkin":19,"minecraft:potatoes":5,"minecraft:grass_block":3,"minecraft:oak_log":7,"minecraft:beetroots":1,"minecraft:dirt":11},"minecraft:crafted":{"minecraft:oak_planks":12,"minecraft:crafting_table":1,"minecraft:stick":4,"minecraft:wooden_pickaxe":1,"minecraft:wooden_axe":1},"minecraft:custom":{"minecraft:time_since_rest":4745,"minecraft:sprint_one_cm":23761,"minecraft:damage_taken":810,"minecraft:walk_one_cm":308375,"minecraft:damage_dealt":139,"minecraft:interact_with_crafting_table":3,"minecraft:fly_one_cm":4187,"minecraft:open_chest":18,"minecraft:crouch_one_cm":870,"minecraft:play_time":92697,"minecraft:deaths":3,"minecraft:sneak_time":1536,"minecraft:jump":362,"minecraft:leave_game":5,"minecraft:walk_on_water_one_cm":3013,"minecraft:time_since_death":4634,"minecraft:total_world_time":92697,"minecraft:fall_one_cm":7215},"minecraft:picked_up":{"minecraft:pink_petals":10,"minecraft:wheat":80,"minecraft:pumpkin":19,"minecraft:potato":21,"minecraft:oak_log":6,"minecraft:carrot":245,"minecraft:dirt":262,"minecraft:pumpkin_seeds":3,"minecraft:stone_sword":2,"minecraft:beetroot":1,"minecraft:stone_axe":2,"minecraft:beetroot_seeds":2,"minecraft:cherry_boat":2,"minecraft:wheat_seeds":224,"minecraft:stone_pickaxe":1,"minecraft:cherry_sapling":1,"minecraft:bread":5,"minecraft:oak_sapling":2,"minecraft:cobblestone":14,"minecraft:egg":2},"minecraft:used":{"minecraft:wheat_seeds":80,"minecraft:stone_sword":5,"minecraft:stone_pickaxe":89,"minecraft:wooden_pickaxe":1,"minecraft:stone_axe":4,"minecraft:dirt":35,"minecraft:crafting_table":1,"minecraft:carrot":114,"minecraft:beetroot_seeds":2,"minecraft:potato":21,"minecraft:pumpkin_seeds":1}},"DataVersion":3953}