{"stats":{"minecraft:killed_by":{"minecraft:wither_skeleton":1,"minecraft:zombie":6},"minecraft:mined":{"minecraft:white_bed":11,"minecraft:oak_sapling":6,"minecraft:farmland":4,"minecraft:sculk_vein":1,"minecraft:obsidian":17,"minecraft:granite":41,"minecraft:grass_block":313,"minecraft:soul_soil":136,"minecraft:chiseled_tuff_bricks":11,"minecraft:oxeye_daisy":1,"minecraft:tuff_bricks":41,"minecraft:magma_block":33,"minecraft:glowstone":2,"minecraft:cobbled_deepslate":13,"minecraft:iron_ore":173,"minecraft:fire":21,"minecraft:polished_tuff":4,"minecraft:anvil":1,"minecraft:deepslate_lapis_ore":50,"minecraft:enchanting_table":2,"minecraft:brown_bed":2,"minecraft:pointed_dripstone":70,"minecraft:dirt_path":1,"minecraft:tripwire":1,"minecraft:green_bed":1,"minecraft:deepslate_redstone_ore":65,"minecraft:red_bed":1,"minecraft:blackstone":73,"minecraft:soul_fire":6,"minecraft:powder_snow":40,"minecraft:torch":16,"minecraft:calcite":13,"minecraft:chest":5,"minecraft:nether_quartz_ore":978,"minecraft:cobblestone":24,"minecraft:sugar_cane":264,"minecraft:oak_planks":1,"minecraft:wall_torch":12,"minecraft:amethyst_block":6,"minecraft:deepslate_copper_ore":12,"minecraft:pink_petals":4,"minecraft:wheat":218,"minecraft:waxed_copper_block":6,"minecraft:oak_log":81,"minecraft:oak_fence_gate":1,"minecraft:waxed_oxidized_copper":11,"minecraft:dirt":111,"minecraft:smooth_basalt":13,"minecraft:ancient_debris":2,"minecraft:netherrack":3174,"minecraft:oak_leaves":452,"minecraft:deepslate":1492,"minecraft:infested_deepslate":1,"minecraft:nether_gold_ore":175,"minecraft:tuff":291,"minecraft:mossy_cobblestone":1,"minecraft:deepslate_diamond_ore":18,"minecraft:glow_lichen":2,"minecraft:nether_bricks":45,"minecraft:decorated_pot":22,"minecraft:redstone_ore":16,"minecraft:waxed_oxidized_cut_copper":7,"minecraft:furnace":7,"minecraft:carrots":1,"minecraft:waxed_copper_grate":5,"minecraft:andesite":48,"minecraft:polished_deepslate":24,"minecraft:deepslate_iron_ore":101,"minecraft:rail":42,"minecraft:packed_ice":1,"minecraft:stone":1009,"minecraft:smithing_table":1,"minecraft:waxed_exposed_copper_bulb":2,"minecraft:soul_sand":257,"minecraft:oak_fence":56,"minecraft:crafting_table":16,"minecraft:short_grass":254,"minecraft:emerald_ore":2,"minecraft:tall_grass":13,"minecraft:copper_ore":63,"minecraft:deepslate_gold_ore":40,"minecraft:lapis_ore":9,"minecraft:diorite":47,"minecraft:coal_ore":194,"minecraft:gravel":46,"minecraft:dripstone_block":77,"minecraft:cobweb":137},"minecraft:dropped":{"minecraft:iron_sword":4,"minecraft:glow_ink_sac":3,"minecraft:diamond":3,"minecraft:crafting_table":2,"minecraft:decorated_pot":10,"minecraft:leather":1,"minecraft:emerald":1,"minecraft:wooden_sword":2,"minecraft:bone_meal":1,"minecraft:iron_pickaxe":3,"minecraft:gold_ingot":27,"minecraft:gravel":18,"minecraft:detector_rail":3,"minecraft:chiseled_tuff_bricks":3,"minecraft:cobbled_deepslate":83,"minecraft:nether_brick":8,"minecraft:pointed_dripstone":44,"minecraft:cherry_sapling":3,"minecraft:rotten_flesh":22,"minecraft:oak_planks":36,"minecraft:white_bed":1,"minecraft:waxed_copper_block":3,"minecraft:tipped_arrow":6,"minecraft:gunpowder":9,"minecraft:melon_seeds":6,"minecraft:breeze_rod":2,"minecraft:white_dye":6,"minecraft:netherrack":434,"minecraft:iron_ingot":30,"minecraft:golden_boots":2,"minecraft:wheat_seeds":3,"minecraft:dripstone_block":1,"minecraft:deepslate_diamond_ore":4,"minecraft:iron_helmet":2,"minecraft:cobblestone":1,"minecraft:waxed_copper_grate":1,"minecraft:polished_tuff":1,"minecraft:coal":1,"minecraft:stick":31,"minecraft:waxed_oxidized_copper":6,"minecraft:iron_leggings":6,"minecraft:white_banner":1,"minecraft:iron_axe":1,"minecraft:iron_shovel":1,"minecraft:string":16,"minecraft:pink_petals":34,"minecraft:bucket":1,"minecraft:redstone":8,"minecraft:tuff_bricks":18,"minecraft:soul_soil":5,"minecraft:stone_sword":1,"minecraft:raw_copper":59,"minecraft:tuff":27,"minecraft:white_carpet":3,"minecraft:iron_boots":3,"minecraft:flint_and_steel":2,"minecraft:shield":1,"minecraft:diamond_pickaxe":3,"minecraft:iron_chestplate":2,"minecraft:golden_sword":2,"minecraft:spider_eye":1,"minecraft:bow":3,"minecraft:stone_pickaxe":1,"minecraft:wooden_pickaxe":1,"minecraft:waxed_oxidized_copper_grate":1,"minecraft:brick":11},"minecraft:custom":{"minecraft:animals_bred":75,"minecraft:interact_with_crafting_table":133,"minecraft:open_barrel":8,"minecraft:leave_game":10,"minecraft:time_since_death":209962,"minecraft:sprint_one_cm":1679157,"minecraft:damage_blocked_by_shield":2616,"minecraft:drop":216,"minecraft:talked_to_villager":18,"minecraft:play_time":656644,"minecraft:deaths":9,"minecraft:jump":8176,"minecraft:walk_on_water_one_cm":91491,"minecraft:enchant_item":17,"minecraft:interact_with_furnace":281,"minecraft:sleep_in_bed":32,"minecraft:damage_dealt":21984,"minecraft:crouch_one_cm":21583,"minecraft:inspect_dispenser":2,"minecraft:interact_with_anvil":4,"minecraft:mob_kills":188,"minecraft:climb_one_cm":8449,"minecraft:walk_one_cm":2262153,"minecraft:damage_dealt_absorbed":19,"minecraft:sneak_time":9176,"minecraft:walk_under_water_one_cm":62699,"minecraft:total_world_time":656644,"minecraft:time_since_rest":57954,"minecraft:damage_taken":9007,"minecraft:swim_one_cm":60075,"minecraft:fly_one_cm":714022,"minecraft:open_chest":366,"minecraft:fall_one_cm":132929},"minecraft:crafted":{"minecraft:oak_planks":396,"minecraft:cooked_chicken":8,"minecraft:bookshelf":13,"minecraft:cooked_mutton":31,"minecraft:quartz_block":112,"minecraft:bow":5,"minecraft:iron_boots":4,"minecraft:chest":8,"minecraft:oak_fence":51,"minecraft:golden_sword":1,"minecraft:golden_boots":3,"minecraft:arrow":68,"minecraft:cooked_porkchop":13,"minecraft:crafting_table":9,"minecraft:wooden_pickaxe":1,"minecraft:iron_helmet":4,"minecraft:smithing_table":1,"minecraft:golden_pickaxe":2,"minecraft:copper_ingot":312,"minecraft:iron_chestplate":5,"minecraft:book":64,"minecraft:paper":192,"minecraft:diamond_pickaxe":4,"minecraft:shield":4,"minecraft:stick":248,"minecraft:iron_ingot":448,"minecraft:iron_pickaxe":21,"minecraft:iron_block":23,"minecraft:gold_ingot":120,"minecraft:golden_carrot":76,"minecraft:wooden_sword":1,"minecraft:furnace":5,"minecraft:bone_meal":90,"minecraft:white_carpet":3,"minecraft:flint_and_steel":2,"minecraft:polished_deepslate":104,"minecraft:iron_axe":1,"minecraft:iron_hoe":1,"minecraft:stone_pickaxe":2,"minecraft:cooked_beef":76,"minecraft:diamond_sword":1,"minecraft:enchanting_table":1,"minecraft:iron_sword":8,"minecraft:bucket":4,"minecraft:oak_fence_gate":3,"minecraft:gold_nugget":765,"minecraft:white_dye":6,"minecraft:iron_shovel":4,"minecraft:iron_leggings":6,"minecraft:anvil":1,"minecraft:white_bed":3,"minecraft:torch":416},"minecraft:picked_up":{"minecraft:iron_chestplate":3,"minecraft:wheat":197,"minecraft:anvil":1,"minecraft:smithing_table":1,"minecraft:brown_bed":3,"minecraft:enchanted_book":2,"minecraft:potion":3,"minecraft:nether_brick":8,"minecraft:amethyst_block":6,"minecraft:polished_deepslate":24,"minecraft:string":143,"minecraft:soul_soil":109,"minecraft:raw_copper":302,"minecraft:iron_leggings":6,"minecraft:gold_nugget":688,"minecraft:cobbled_deepslate":863,"minecraft:bucket":4,"minecraft:trial_key":4,"minecraft:calcite":13,"minecraft:iron_pickaxe":8,"minecraft:iron_boots":5,"minecraft:furnace":8,"minecraft:tipped_arrow":30,"minecraft:stick":77,"minecraft:oak_fence":54,"minecraft:torch":206,"minecraft:green_bed":2,"minecraft:porkchop":16,"minecraft:waxed_copper_grate":2,"minecraft:pointed_dripstone":134,"minecraft:diorite":9,"minecraft:stone_sword":1,"minecraft:rotten_flesh":37,"minecraft:iron_block":7,"minecraft:blaze_rod":2,"minecraft:obsidian":21,"minecraft:cobblestone":559,"minecraft:enchanting_table":2,"minecraft:pink_petals":65,"minecraft:magma_block":19,"minecraft:feather":2,"minecraft:water_bucket":1,"minecraft:andesite":41,"minecraft:brown_wool":1,"minecraft:flint":3,"minecraft:tuff":148,"minecraft:dirt":417,"minecraft:lapis_lazuli":369,"minecraft:bone":65,"minecraft:bow":7,"minecraft:wheat_seeds":589,"minecraft:raw_gold":40,"minecraft:glowstone_dust":4,"minecraft:oak_planks":122,"minecraft:cooked_porkchop":4,"minecraft:spectral_arrow":11,"minecraft:iron_hoe":2,"minecraft:diamond":34,"minecraft:waxed_oxidized_copper_grate":2,"minecraft:breeze_rod":5,"minecraft:granite":31,"minecraft:bone_meal":1,"minecraft:emerald":90,"minecraft:bread":15,"minecraft:music_disc_precipice":1,"minecraft:oak_sapling":52,"minecraft:netherrack":2363,"minecraft:diamond_pickaxe":3,"minecraft:lingering_potion":1,"minecraft:waxed_oxidized_cut_copper":3,"minecraft:crafting_table":19,"minecraft:ominous_bottle":1,"minecraft:chicken":5,"minecraft:brick":24,"minecraft:shield":3,"minecraft:wind_charge":1,"minecraft:wooden_sword":2,"minecraft:iron_axe":3,"minecraft:iron_shovel":4,"minecraft:blackstone":71,"minecraft:deepslate_diamond_ore":4,"minecraft:beef":59,"minecraft:light_gray_wool":2,"minecraft:sugar_cane":295,"minecraft:chest":6,"minecraft:waxed_oxidized_copper":10,"minecraft:raw_iron":387,"minecraft:carrot":22,"minecraft:redstone":358,"minecraft:arrow":194,"minecraft:cooked_cod":6,"minecraft:decorated_pot":11,"minecraft:nether_bricks":45,"minecraft:gold_ingot":15,"minecraft:tuff_bricks":42,"minecraft:mutton":36,"minecraft:rail":37,"minecraft:white_wool":16,"minecraft:oxeye_daisy":1,"minecraft:golden_carrot":1,"minecraft:glow_ink_sac":25,"minecraft:leather":40,"minecraft:oak_log":108,"minecraft:waxed_copper_block":8,"minecraft:ancient_debris":2,"minecraft:golden_boots":1,"minecraft:gunpowder":4,"minecraft:white_banner":1,"minecraft:cooked_mutton":6,"minecraft:apple":4,"minecraft:oak_fence_gate":1,"minecraft:iron_ingot":89,"minecraft:cooked_chicken":2,"minecraft:iron_sword":4,"minecraft:soul_sand":208,"minecraft:smooth_basalt":13,"minecraft:quartz":952,"minecraft:waxed_exposed_copper_bulb":1,"minecraft:dripstone_block":49,"minecraft:gravel":64,"minecraft:lava_bucket":4,"minecraft:white_bed":11,"minecraft:polished_tuff":2,"minecraft:spider_eye":5,"minecraft:iron_helmet":4,"minecraft:cherry_sapling":3,"minecraft:gray_wool":2,"minecraft:baked_potato":4,"minecraft:coal":436,"minecraft:chiseled_tuff_bricks":7,"minecraft:ender_pearl":6},"minecraft:broken":{"minecraft:iron_shovel":1,"minecraft:stone_pickaxe":1,"minecraft:iron_sword":3,"minecraft:iron_pickaxe":16,"minecraft:golden_pickaxe":2},"minecraft:killed":{"minecraft:cave_spider":5,"minecraft:spider":5,"minecraft:skeleton":26,"minecraft:chicken":5,"minecraft:silverfish":5,"minecraft:magma_cube":2,"minecraft:piglin":1,"minecraft:pig":7,"minecraft:zombie_villager":2,"minecraft:creeper":1,"minecraft:sheep":15,"minecraft:pillager":2,"minecraft:zombie":28,"minecraft:ghast":5,"minecraft:stray":21,"minecraft:blaze":6,"minecraft:cow":31,"minecraft:breeze":6,"minecraft:wither_skeleton":3},"minecraft:used":{"minecraft:tuff_bricks":4,"minecraft:iron_shovel":807,"minecraft:polished_deepslate":24,"minecraft:chest":14,"minecraft:shield":73,"minecraft:iron_sword":1203,"minecraft:soul_sand":46,"minecraft:nether_bricks":45,"minecraft:carrot":11,"minecraft:waxed_copper_grate":1,"minecraft:tuff":91,"minecraft:obsidian":10,"minecraft:waxed_oxidized_copper":2,"minecraft:lava_bucket":16,"minecraft:waxed_exposed_copper_bulb":1,"minecraft:golden_sword":16,"minecraft:bow":195,"minecraft:oak_sapling":53,"minecraft:furnace":12,"minecraft:cooked_cod":8,"minecraft:diorite":6,"minecraft:stone_pickaxe":134,"minecraft:oak_planks":11,"minecraft:blackstone":2,"minecraft:wooden_pickaxe":6,"minecraft:sugar_cane":81,"minecraft:dripstone_block":10,"minecraft:polished_tuff":1,"minecraft:bread":14,"minecraft:string":45,"minecraft:chiseled_tuff_bricks":4,"minecraft:diamond_sword":61,"minecraft:wooden_sword":62,"minecraft:smithing_table":2,"minecraft:andesite":8,"minecraft:bone_meal":84,"minecraft:golden_pickaxe":64,"minecraft:oak_fence":103,"minecraft:enchanting_table":3,"minecraft:flint_and_steel":2,"minecraft:trial_key":2,"minecraft:cooked_chicken":8,"minecraft:netherrack":802,"minecraft:torch":442,"minecraft:dirt":186,"minecraft:anvil":2,"minecraft:oak_fence_gate":4,"minecraft:iron_hoe":149,"minecraft:bookshelf":13,"minecraft:iron_axe":286,"minecraft:golden_carrot":27,"minecraft:soul_soil":32,"minecraft:cooked_beef":10,"minecraft:cobbled_deepslate":458,"minecraft:pointed_dripstone":1,"minecraft:brown_bed":2,"minecraft:wheat_seeds":314,"minecraft:cooked_mutton":29,"minecraft:water_bucket":30,"minecraft:baked_potato":11,"minecraft:waxed_oxidized_cut_copper":3,"minecraft:green_bed":1,"minecraft:waxed_copper_block":5,"minecraft:rail":44,"minecraft:crafting_table":25,"minecraft:white_bed":12,"minecraft:diamond_pickaxe":2381,"minecraft:apple":1,"minecraft:oxeye_daisy":1,"minecraft:wind_charge":1,"minecraft:iron_pickaxe":6053,"minecraft:pink_petals":10,"minecraft:cobblestone":202,"minecraft:cooked_porkchop":17,"minecraft:bucket":47}},"DataVersion":3953}