{"stats":{"minecraft:picked_up":{"minecraft:wheat":22,"minecraft:potato":21,"minecraft:oak_log":6,"minecraft:carrot":245,"minecraft:dirt":8,"minecraft:stone_sword":1,"minecraft:beetroot":1,"minecraft:stone_axe":2,"minecraft:cherry_boat":1,"minecraft:beetroot_seeds":2,"minecraft:wheat_seeds":60,"minecraft:stone_pickaxe":1,"minecraft:bread":5,"minecraft:oak_sapling":2},"minecraft:killed_by":{"minecraft:player":1,"minecraft:zombie":1},"minecraft:mined":{"minecraft:carrots":91,"minecraft:wheat":23,"minecraft:grass_block":2,"minecraft:potatoes":5,"minecraft:oak_log":7,"minecraft:beetroots":1,"minecraft:dirt":7},"minecraft:custom":{"minecraft:time_since_rest":32006,"minecraft:sprint_one_cm":7607,"minecraft:damage_taken":510,"minecraft:walk_one_cm":212808,"minecraft:damage_dealt":139,"minecraft:interact_with_crafting_table":2,"minecraft:fly_one_cm":1001,"minecraft:open_chest":6,"minecraft:crouch_one_cm":870,"minecraft:play_time":52922,"minecraft:deaths":2,"minecraft:sneak_time":1536,"minecraft:jump":193,"minecraft:leave_game":2,"minecraft:time_since_death":31357,"minecraft:walk_on_water_one_cm":3013,"minecraft:total_world_time":52922,"minecraft:fall_one_cm":2867},"minecraft:used":{"minecraft:stone_sword":5,"minecraft:stone_pickaxe":25,"minecraft:wooden_pickaxe":1,"minecraft:stone_axe":4,"minecraft:dirt":4,"minecraft:crafting_table":1,"minecraft:carrot":112,"minecraft:beetroot_seeds":2,"minecraft:potato":21},"minecraft:crafted":{"minecraft:oak_planks":12,"minecraft:crafting_table":1,"minecraft:stick":4,"minecraft:wooden_pickaxe":1,"minecraft:wooden_axe":1}},"DataVersion":3953}