{"stats":{"minecraft:mined":{"minecraft:cherry_planks":2,"minecraft:quartz_block":15,"minecraft:cherry_log":202,"minecraft:stripped_cherry_log":1,"minecraft:dandelion":12,"minecraft:cornflower":1,"minecraft:cherry_trapdoor":7,"minecraft:short_grass":103,"minecraft:grass_block":55,"minecraft:poppy":1,"minecraft:tall_grass":10,"minecraft:grindstone":1,"minecraft:oxeye_daisy":2,"minecraft:pink_petals":41,"minecraft:cobblestone_wall":1,"minecraft:iron_ore":8,"minecraft:water_cauldron":1,"minecraft:azure_bluet":3,"minecraft:quartz_slab":3,"minecraft:oak_log":34,"minecraft:cherry_leaves":216,"minecraft:dirt":108,"minecraft:stone":34,"minecraft:cherry_stairs":22,"minecraft:oak_leaves":15},"minecraft:dropped":{"minecraft:stone_axe":3,"minecraft:stone_sword":1,"minecraft:cooked_mutton":1,"minecraft:hay_block":1,"minecraft:cherry_leaves":1,"minecraft:cherry_planks":2,"minecraft:stripped_cherry_log":1,"minecraft:light_gray_dye":1,"minecraft:arrow":1,"minecraft:wooden_pickaxe":1,"minecraft:stone_pickaxe":2,"minecraft:iron_shovel":1,"minecraft:pink_petals":18,"minecraft:white_wool":2,"minecraft:quartz_slab":1},"minecraft:custom":{"minecraft:interact_with_furnace":10,"minecraft:mob_kills":10,"minecraft:interact_with_crafting_table":51,"minecraft:interact_with_campfire":12,"minecraft:interact_with_grindstone":2,"minecraft:leave_game":9,"minecraft:time_since_death":176785,"minecraft:sleep_in_bed":4,"minecraft:climb_one_cm":460,"minecraft:time_since_rest":148088,"minecraft:sprint_one_cm":401528,"minecraft:damage_taken":1164,"minecraft:walk_one_cm":819620,"minecraft:drop":19,"minecraft:damage_dealt":1221,"minecraft:swim_one_cm":474,"minecraft:fly_one_cm":110674,"minecraft:open_chest":67,"minecraft:crouch_one_cm":5362,"minecraft:play_time":176785,"minecraft:sneak_time":874,"minecraft:walk_under_water_one_cm":7747,"minecraft:jump":1904,"minecraft:walk_on_water_one_cm":30309,"minecraft:total_world_time":176785,"minecraft:fall_one_cm":39060},"minecraft:crafted":{"minecraft:cherry_planks":584,"minecraft:wooden_sword":1,"minecraft:oak_planks":20,"minecraft:cherry_pressure_plate":2,"minecraft:iron_nugget":54,"minecraft:crafting_table":1,"minecraft:cherry_slab":36,"minecraft:wooden_pickaxe":1,"minecraft:iron_helmet":1,"minecraft:chain":2,"minecraft:iron_sword":2,"minecraft:oak_wood":6,"minecraft:campfire":2,"minecraft:stone_axe":3,"minecraft:bread":21,"minecraft:light_gray_bed":1,"minecraft:cherry_trapdoor":16,"minecraft:lantern":2,"minecraft:cherry_sign":3,"minecraft:iron_chestplate":1,"minecraft:iron_boots":1,"minecraft:charcoal":2,"minecraft:iron_axe":1,"minecraft:stick":28,"minecraft:iron_pickaxe":1,"minecraft:iron_ingot":18,"minecraft:cherry_stairs":308,"minecraft:cobblestone_wall":6,"minecraft:stone_pickaxe":2,"minecraft:stone_sword":2,"minecraft:iron_shovel":1,"minecraft:iron_leggings":1,"minecraft:quartz_slab":30,"minecraft:light_gray_dye":2,"minecraft:white_bed":1,"minecraft:torch":12,"minecraft:cherry_fence":6,"minecraft:shears":1,"minecraft:wheat":63},"minecraft:picked_up":{"minecraft:pink_petals":138,"minecraft:azure_bluet":2,"minecraft:cherry_planks":4,"minecraft:cherry_leaves":121,"minecraft:wooden_pickaxe":1,"minecraft:stripped_cherry_log":2,"minecraft:oak_log":34,"minecraft:cobblestone_wall":1,"minecraft:cornflower":1,"minecraft:dirt":310,"minecraft:cooked_mutton":9,"minecraft:quartz_slab":4,"minecraft:apple":1,"minecraft:wheat_seeds":18,"minecraft:iron_ingot":30,"minecraft:stone_pickaxe":1,"minecraft:poppy":1,"minecraft:light_gray_wool":1,"minecraft:cherry_trapdoor":7,"minecraft:raw_iron":8,"minecraft:stick":11,"minecraft:cherry_stairs":21,"minecraft:dandelion":11,"minecraft:porkchop":4,"minecraft:cherry_log":192,"minecraft:cauldron":1,"minecraft:carrot":16,"minecraft:quartz_block":15,"minecraft:arrow":1,"minecraft:rotten_flesh":3,"minecraft:stone_axe":1,"minecraft:cherry_sapling":9,"minecraft:gray_wool":2,"minecraft:oak_sapling":3,"minecraft:netherrack":320,"minecraft:mutton":8,"minecraft:cobblestone":33,"minecraft:white_wool":5,"minecraft:oxeye_daisy":2},"minecraft:broken":{"minecraft:stone_axe":1},"minecraft:killed":{"minecraft:pig":2,"minecraft:sheep":5,"minecraft:skeleton":1,"minecraft:zombie":2},"minecraft:used":{"minecraft:cooked_mutton":8,"minecraft:cherry_sapling":6,"minecraft:stone_sword":107,"minecraft:stone_pickaxe":17,"minecraft:wooden_pickaxe":49,"minecraft:cherry_planks":8,"minecraft:iron_sword":2,"minecraft:rotten_flesh":3,"minecraft:white_wool":3,"minecraft:dirt":141,"minecraft:cherry_pressure_plate":2,"minecraft:cobblestone_wall":3,"minecraft:carrot":14,"minecraft:campfire":2,"minecraft:shears":154,"minecraft:lantern":2,"minecraft:quartz_slab":24,"minecraft:cherry_slab":34,"minecraft:iron_axe":196,"minecraft:bread":12,"minecraft:iron_pickaxe":2,"minecraft:quartz_block":48,"minecraft:cherry_trapdoor":19,"minecraft:cherry_leaves":61,"minecraft:cherry_sign":2,"minecraft:pink_petals":54,"minecraft:stone_axe":153,"minecraft:light_gray_wool":1,"minecraft:cobblestone":10,"minecraft:cherry_stairs":314,"minecraft:chain":2,"minecraft:cherry_log":5,"minecraft:light_gray_bed":1}},"DataVersion":3953}