{"stats":{"minecraft:killed":{"minecraft:zombie":2,"minecraft:cow":1},"minecraft:picked_up":{"minecraft:wooden_axe":1,"minecraft:crafting_table":11,"minecraft:azure_bluet":4,"minecraft:wheat":16,"minecraft:ladder":4,"minecraft:string":7,"minecraft:raw_copper":304,"minecraft:cobbled_deepslate":757,"minecraft:beef":2,"minecraft:sugar_cane":17,"minecraft:chest":6,"minecraft:egg":4,"minecraft:stick":203,"minecraft:raw_iron":54,"minecraft:torch":276,"minecraft:cherry_log":465,"minecraft:pointed_dripstone":7,"minecraft:diorite":25,"minecraft:carrot":113,"minecraft:redstone":58,"minecraft:rotten_flesh":10,"minecraft:arrow":1,"minecraft:stone_shovel":1,"minecraft:shears":1,"minecraft:white_wool":1,"minecraft:cobblestone":643,"minecraft:stripped_oak_log":2,"minecraft:pink_petals":71,"minecraft:cherry_planks":138,"minecraft:cherry_leaves":215,"minecraft:andesite":1,"minecraft:leather":2,"minecraft:flint":10,"minecraft:tuff":160,"minecraft:oak_log":103,"minecraft:waxed_copper_block":4,"minecraft:cherry_fence":3,"minecraft:gunpowder":2,"minecraft:lapis_lazuli":30,"minecraft:cherry_door":3,"minecraft:dirt":582,"minecraft:apple":3,"minecraft:wheat_seeds":10,"minecraft:raw_gold":1,"minecraft:stone_pickaxe":12,"minecraft:oak_planks":71,"minecraft:pink_bed":6,"minecraft:pumpkin":15,"minecraft:raw_iron_block":1,"minecraft:gravel":155,"minecraft:white_bed":3,"minecraft:stone_axe":4,"minecraft:granite":97,"minecraft:cherry_sapling":224,"minecraft:bread":14,"minecraft:baked_potato":2,"minecraft:oak_sapling":47,"minecraft:coal":374},"minecraft:killed_by":{"minecraft:skeleton":2,"minecraft:zombie":5},"minecraft:mined":{"minecraft:tuff":179,"minecraft:white_bed":1,"minecraft:oak_sapling":1,"minecraft:pink_bed":4,"minecraft:cherry_log":445,"minecraft:cherry_sapling":23,"minecraft:glow_lichen":2,"minecraft:granite":59,"minecraft:ladder":2,"minecraft:grass_block":162,"minecraft:raw_iron_block":1,"minecraft:carrots":24,"minecraft:iron_ore":2,"minecraft:cobbled_deepslate":1,"minecraft:fire":8,"minecraft:pumpkin":15,"minecraft:deepslate_lapis_ore":4,"minecraft:pointed_dripstone":6,"minecraft:cave_vines":4,"minecraft:deepslate_iron_ore":52,"minecraft:stripped_oak_log":1,"minecraft:stone":503,"minecraft:tripwire":6,"minecraft:deepslate_redstone_ore":13,"minecraft:cherry_planks":37,"minecraft:crafting_table":9,"minecraft:torch":12,"minecraft:short_grass":24,"minecraft:chest":5,"minecraft:tall_grass":2,"minecraft:copper_ore":45,"minecraft:cobblestone":36,"minecraft:deepslate_gold_ore":1,"minecraft:oak_planks":45,"minecraft:sugar_cane":10,"minecraft:diorite":24,"minecraft:wall_torch":11,"minecraft:pink_petals":22,"minecraft:wheat":2,"minecraft:cherry_door":2,"minecraft:oak_log":103,"minecraft:coal_ore":326,"minecraft:cherry_leaves":1172,"minecraft:gravel":119,"minecraft:dirt":239,"minecraft:oak_leaves":568,"minecraft:deepslate":618},"minecraft:broken":{"minecraft:shears":1,"minecraft:stone_pickaxe":12,"minecraft:stone_axe":3,"minecraft:iron_pickaxe":1,"minecraft:wooden_axe":3},"minecraft:custom":{"minecraft:mob_kills":4,"minecraft:interact_with_crafting_table":31,"minecraft:leave_game":6,"minecraft:time_since_death":67636,"minecraft:climb_one_cm":25394,"minecraft:sprint_one_cm":487850,"minecraft:walk_one_cm":1786872,"minecraft:drop":6,"minecraft:talked_to_villager":1,"minecraft:play_time":502025,"minecraft:deaths":9,"minecraft:sneak_time":372,"minecraft:walk_under_water_one_cm":22964,"minecraft:jump":4414,"minecraft:walk_on_water_one_cm":47277,"minecraft:total_world_time":502025,"minecraft:interact_with_furnace":28,"minecraft:sleep_in_bed":11,"minecraft:time_since_rest":67702,"minecraft:damage_taken":3501,"minecraft:damage_dealt":776,"minecraft:swim_one_cm":1291,"minecraft:fly_one_cm":69450,"minecraft:open_chest":174,"minecraft:crouch_one_cm":615,"minecraft:fall_one_cm":53594},"minecraft:dropped":{"minecraft:rotten_flesh":5,"minecraft:stone_pickaxe":1},"minecraft:used":{"minecraft:cherry_sapling":42,"minecraft:stone_shovel":104,"minecraft:ladder":10,"minecraft:chest":9,"minecraft:oak_door":3,"minecraft:torch":177,"minecraft:dirt":423,"minecraft:carrot":21,"minecraft:tuff":6,"minecraft:granite":49,"minecraft:wooden_axe":232,"minecraft:cherry_leaves":128,"minecraft:oak_sapling":30,"minecraft:furnace":1,"minecraft:cooked_beef":1,"minecraft:cobbled_deepslate":12,"minecraft:wheat_seeds":2,"minecraft:diorite":4,"minecraft:stone_pickaxe":1688,"minecraft:baked_potato":1,"minecraft:oak_planks":45,"minecraft:cherry_planks":432,"minecraft:crafting_table":8,"minecraft:shears":124,"minecraft:oak_log":6,"minecraft:apple":3,"minecraft:cherry_door":4,"minecraft:bread":11,"minecraft:iron_pickaxe":305,"minecraft:stone_axe":588,"minecraft:pink_petals":52,"minecraft:pink_bed":5,"minecraft:cobblestone":313,"minecraft:andesite":1},"minecraft:crafted":{"minecraft:cherry_planks":708,"minecraft:oak_door":3,"minecraft:oak_planks":236,"minecraft:stone_shovel":1,"minecraft:pink_bed":2,"minecraft:furnace":1,"minecraft:stone":64,"minecraft:pink_dye":2,"minecraft:glass":3,"minecraft:iron_boots":1,"minecraft:ladder":6,"minecraft:stone_pickaxe":17,"minecraft:chest":5,"minecraft:cherry_fence":3,"minecraft:cooked_beef":1,"minecraft:crafting_table":4,"minecraft:iron_helmet":1,"minecraft:stone_axe":7,"minecraft:iron_chestplate":1,"minecraft:stick":44,"minecraft:iron_ingot":43,"minecraft:iron_pickaxe":2,"minecraft:wooden_axe":4,"minecraft:cherry_door":3,"minecraft:iron_leggings":1,"minecraft:white_bed":1,"minecraft:torch":172}},"DataVersion":3953}