{"stats":{"minecraft:mined":{"minecraft:cherry_planks":2,"minecraft:quartz_block":15,"minecraft:cherry_log":167,"minecraft:stripped_cherry_log":1,"minecraft:dandelion":11,"minecraft:cherry_trapdoor":7,"minecraft:short_grass":98,"minecraft:grass_block":54,"minecraft:poppy":1,"minecraft:tall_grass":9,"minecraft:oxeye_daisy":2,"minecraft:pink_petals":40,"minecraft:cobblestone_wall":1,"minecraft:iron_ore":8,"minecraft:azure_bluet":2,"minecraft:quartz_slab":3,"minecraft:oak_log":34,"minecraft:cherry_leaves":213,"minecraft:dirt":101,"minecraft:stone":34,"minecraft:cherry_stairs":22,"minecraft:oak_leaves":15},"minecraft:dropped":{"minecraft:stone_axe":3,"minecraft:stone_sword":1,"minecraft:cooked_mutton":1,"minecraft:hay_block":1,"minecraft:cherry_planks":2,"minecraft:stripped_cherry_log":1,"minecraft:light_gray_dye":1,"minecraft:arrow":1,"minecraft:wooden_pickaxe":1,"minecraft:stone_pickaxe":2,"minecraft:iron_shovel":1,"minecraft:pink_petals":18,"minecraft:white_wool":2,"minecraft:quartz_slab":1},"minecraft:custom":{"minecraft:interact_with_furnace":10,"minecraft:mob_kills":10,"minecraft:interact_with_crafting_table":50,"minecraft:interact_with_campfire":12,"minecraft:leave_game":9,"minecraft:time_since_death":152785,"minecraft:sleep_in_bed":4,"minecraft:climb_one_cm":460,"minecraft:time_since_rest":124088,"minecraft:sprint_one_cm":210463,"minecraft:damage_taken":855,"minecraft:walk_one_cm":707274,"minecraft:drop":18,"minecraft:damage_dealt":1221,"minecraft:fly_one_cm":55840,"minecraft:open_chest":63,"minecraft:crouch_one_cm":4537,"minecraft:play_time":152785,"minecraft:sneak_time":763,"minecraft:walk_under_water_one_cm":6989,"minecraft:jump":1571,"minecraft:walk_on_water_one_cm":20470,"minecraft:total_world_time":152785,"minecraft:fall_one_cm":29016},"minecraft:crafted":{"minecraft:cherry_planks":572,"minecraft:wooden_sword":1,"minecraft:oak_planks":20,"minecraft:iron_nugget":54,"minecraft:crafting_table":1,"minecraft:cherry_slab":36,"minecraft:wooden_pickaxe":1,"minecraft:iron_helmet":1,"minecraft:chain":2,"minecraft:iron_sword":2,"minecraft:oak_wood":6,"minecraft:campfire":2,"minecraft:stone_axe":3,"minecraft:bread":21,"minecraft:light_gray_bed":1,"minecraft:cherry_trapdoor":16,"minecraft:lantern":2,"minecraft:cherry_sign":3,"minecraft:iron_chestplate":1,"minecraft:iron_boots":1,"minecraft:charcoal":2,"minecraft:iron_axe":1,"minecraft:stick":28,"minecraft:iron_pickaxe":1,"minecraft:iron_ingot":18,"minecraft:cherry_stairs":308,"minecraft:cobblestone_wall":6,"minecraft:stone_pickaxe":2,"minecraft:stone_sword":2,"minecraft:iron_shovel":1,"minecraft:iron_leggings":1,"minecraft:quartz_slab":30,"minecraft:light_gray_dye":2,"minecraft:white_bed":1,"minecraft:torch":12,"minecraft:cherry_fence":6,"minecraft:shears":1,"minecraft:wheat":63},"minecraft:picked_up":{"minecraft:pink_petals":138,"minecraft:azure_bluet":1,"minecraft:cherry_planks":4,"minecraft:cherry_leaves":120,"minecraft:wooden_pickaxe":1,"minecraft:stripped_cherry_log":2,"minecraft:oak_log":34,"minecraft:cobblestone_wall":1,"minecraft:dirt":303,"minecraft:cooked_mutton":9,"minecraft:quartz_slab":4,"minecraft:apple":1,"minecraft:wheat_seeds":16,"minecraft:iron_ingot":30,"minecraft:stone_pickaxe":1,"minecraft:poppy":1,"minecraft:light_gray_wool":1,"minecraft:cherry_trapdoor":7,"minecraft:raw_iron":8,"minecraft:stick":10,"minecraft:cherry_stairs":21,"minecraft:dandelion":10,"minecraft:porkchop":4,"minecraft:cherry_log":157,"minecraft:carrot":16,"minecraft:quartz_block":15,"minecraft:arrow":1,"minecraft:rotten_flesh":3,"minecraft:stone_axe":1,"minecraft:cherry_sapling":6,"minecraft:gray_wool":2,"minecraft:oak_sapling":3,"minecraft:netherrack":320,"minecraft:mutton":8,"minecraft:cobblestone":33,"minecraft:white_wool":5,"minecraft:oxeye_daisy":2},"minecraft:broken":{"minecraft:stone_axe":1},"minecraft:killed":{"minecraft:pig":2,"minecraft:sheep":5,"minecraft:skeleton":1,"minecraft:zombie":2},"minecraft:used":{"minecraft:cooked_mutton":4,"minecraft:cherry_sapling":2,"minecraft:stone_sword":107,"minecraft:stone_pickaxe":17,"minecraft:wooden_pickaxe":49,"minecraft:cherry_planks":8,"minecraft:iron_sword":2,"minecraft:rotten_flesh":3,"minecraft:white_wool":3,"minecraft:dirt":132,"minecraft:cobblestone_wall":3,"minecraft:carrot":8,"minecraft:campfire":2,"minecraft:shears":154,"minecraft:lantern":2,"minecraft:quartz_slab":24,"minecraft:cherry_slab":34,"minecraft:iron_axe":154,"minecraft:bread":10,"minecraft:quartz_block":48,"minecraft:cherry_trapdoor":19,"minecraft:cherry_leaves":61,"minecraft:cherry_sign":2,"minecraft:pink_petals":54,"minecraft:stone_axe":153,"minecraft:light_gray_wool":1,"minecraft:cobblestone":10,"minecraft:cherry_stairs":314,"minecraft:chain":2,"minecraft:light_gray_bed":1}},"DataVersion":3953}