{"stats":{"minecraft:killed_by":{"minecraft:skeleton":1},"minecraft:dropped":{"minecraft:oak_slab":5,"minecraft:wheat_seeds":12,"minecraft:cooked_beef":21,"minecraft:diamond":4,"minecraft:cooked_porkchop":8,"minecraft:cobblestone":85,"minecraft:lantern":8,"minecraft:apple":3,"minecraft:dirt":1329,"minecraft:torch":40,"minecraft:cornflower":1,"minecraft:cherry_leaves":65,"minecraft:oak_stairs":36,"minecraft:bone_meal":84,"minecraft:iron_axe":1,"minecraft:sand":57,"minecraft:iron_pickaxe":3,"minecraft:bucket":2,"minecraft:sugar_cane":3,"minecraft:soul_soil":1,"minecraft:iron_nugget":8,"minecraft:wheat":2,"minecraft:rotten_flesh":2,"minecraft:oak_planks":8,"minecraft:iron_hoe":2,"minecraft:diamond_shovel":2,"minecraft:azure_bluet":4,"minecraft:shears":3,"minecraft:carrot":115,"minecraft:spruce_planks":4,"minecraft:oak_sapling":22,"minecraft:light_gray_dye":1,"minecraft:egg":1},"minecraft:mined":{"minecraft:infested_deepslate":4,"minecraft:spruce_planks":5,"minecraft:tuff":47,"minecraft:white_bed":1,"minecraft:farmland":1,"minecraft:mossy_cobblestone":1,"minecraft:deepslate_diamond_ore":34,"minecraft:sculk_vein":1,"minecraft:lever":7,"minecraft:granite":10,"minecraft:budding_amethyst":3,"minecraft:allium":6,"minecraft:grass_block":2043,"minecraft:deepslate_bricks":16,"minecraft:soul_soil":2,"minecraft:spruce_leaves":13,"minecraft:cartography_table":1,"minecraft:composter":3,"minecraft:spawner":1,"minecraft:sculk_catalyst":1,"minecraft:carrots":114,"minecraft:cobbled_deepslate":1,"minecraft:iron_ore":62,"minecraft:fire":28,"minecraft:andesite":2,"minecraft:fletching_table":1,"minecraft:deepslate_lapis_ore":5,"minecraft:enchanting_table":4,"minecraft:pointed_dripstone":7,"minecraft:cave_vines":3,"minecraft:deepslate_iron_ore":23,"minecraft:rail":11,"minecraft:stone":1364,"minecraft:bone_block":26,"minecraft:tripwire":38,"minecraft:smithing_table":6,"minecraft:deepslate_redstone_ore":17,"minecraft:soul_sand":28,"minecraft:amethyst_cluster":2,"minecraft:dandelion":6,"minecraft:oak_fence":1,"minecraft:torch":8,"minecraft:short_grass":385,"minecraft:emerald_ore":2,"minecraft:calcite":5,"minecraft:poppy":13,"minecraft:chest":1,"minecraft:sculk_sensor":1,"minecraft:glass":4,"minecraft:cobblestone":50,"minecraft:copper_ore":40,"minecraft:tall_grass":55,"minecraft:grindstone":1,"minecraft:lapis_ore":8,"minecraft:sugar_cane":35,"minecraft:sculk":27,"minecraft:diorite":181,"minecraft:wall_torch":4,"minecraft:amethyst_block":13,"minecraft:deepslate_copper_ore":19,"minecraft:pink_petals":1,"minecraft:birch_planks":1,"minecraft:birch_log":33,"minecraft:wheat":149,"minecraft:lilac":14,"minecraft:spruce_log":187,"minecraft:birch_leaves":3,"minecraft:coal_ore":208,"minecraft:oak_log":185,"minecraft:cherry_leaves":96,"minecraft:sand":14,"minecraft:gravel":4,"minecraft:dripstone_block":6,"minecraft:dirt":1819,"minecraft:fern":2,"minecraft:oak_leaves":30,"minecraft:deepslate":575},"minecraft:custom":{"minecraft:interact_with_smithing_table":1,"minecraft:mob_kills":110,"minecraft:interact_with_anvil":3,"minecraft:animals_bred":86,"minecraft:interact_with_crafting_table":60,"minecraft:leave_game":6,"minecraft:time_since_death":485619,"minecraft:climb_one_cm":1644,"minecraft:sprint_one_cm":1148545,"minecraft:walk_one_cm":1332644,"minecraft:drop":88,"minecraft:talked_to_villager":26,"minecraft:play_time":509122,"minecraft:deaths":3,"minecraft:sneak_time":9542,"minecraft:walk_under_water_one_cm":53416,"minecraft:boat_one_cm":539607,"minecraft:jump":7021,"minecraft:walk_on_water_one_cm":60811,"minecraft:enchant_item":12,"minecraft:total_world_time":509122,"minecraft:interact_with_furnace":121,"minecraft:interact_with_stonecutter":5,"minecraft:sleep_in_bed":11,"minecraft:time_since_rest":32792,"minecraft:damage_taken":2924,"minecraft:damage_dealt":11530,"minecraft:swim_one_cm":73183,"minecraft:fly_one_cm":1411767,"minecraft:open_chest":353,"minecraft:crouch_one_cm":26227,"minecraft:fall_one_cm":156167,"minecraft:horse_one_cm":3956},"minecraft:crafted":{"minecraft:grindstone":1,"minecraft:smooth_stone":3,"minecraft:oak_planks":236,"minecraft:oak_sign":9,"minecraft:iron_nugget":108,"minecraft:furnace":1,"minecraft:stone_button":1,"minecraft:blast_furnace":1,"minecraft:piston":15,"minecraft:stone":21,"minecraft:lever":16,"minecraft:bone_meal":135,"minecraft:diamond_shovel":3,"minecraft:oak_trapdoor":2,"minecraft:glass":106,"minecraft:lantern":13,"minecraft:diamond_leggings":1,"minecraft:iron_boots":1,"minecraft:iron_hoe":3,"minecraft:chest":15,"minecraft:minecart":1,"minecraft:wheat":27,"minecraft:cooked_beef":112,"minecraft:oak_slab":12,"minecraft:diamond_axe":1,"minecraft:crafting_table":5,"minecraft:spruce_planks":216,"minecraft:powered_rail":6,"minecraft:iron_helmet":1,"minecraft:copper_ingot":25,"minecraft:fletching_table":1,"minecraft:birch_planks":16,"minecraft:cartography_table":2,"minecraft:oak_boat":2,"minecraft:spruce_trapdoor":8,"minecraft:paper":63,"minecraft:charcoal":32,"minecraft:diamond_pickaxe":1,"minecraft:stick":120,"minecraft:stone_slab":6,"minecraft:iron_ingot":136,"minecraft:iron_block":3,"minecraft:gold_ingot":6,"minecraft:stonecutter":1,"minecraft:anvil":1,"minecraft:white_bed":5,"minecraft:composter":1,"minecraft:deepslate_bricks":128,"minecraft:torch":300,"minecraft:shears":3,"minecraft:diamond_chestplate":1},"minecraft:picked_up":{"minecraft:allium":6,"minecraft:wheat":148,"minecraft:azure_bluet":7,"minecraft:chicken":3,"minecraft:nether_wart":1,"minecraft:smithing_table":6,"minecraft:oak_stairs":72,"minecraft:amethyst_block":13,"minecraft:cornflower":3,"minecraft:iron_axe":2,"minecraft:string":36,"minecraft:soul_soil":2,"minecraft:raw_copper":205,"minecraft:iron_shovel":1,"minecraft:cartography_table":1,"minecraft:cobbled_deepslate":606,"minecraft:bucket":2,"minecraft:spruce_planks":9,"minecraft:beef":189,"minecraft:oak_boat":7,"minecraft:calcite":4,"minecraft:iron_nugget":8,"minecraft:poppy":19,"minecraft:iron_pickaxe":4,"minecraft:minecart":7,"minecraft:sugar_cane":72,"minecraft:chest":1,"minecraft:birch_sapling":2,"minecraft:egg":3,"minecraft:stick":61,"minecraft:raw_iron":147,"minecraft:cherry_stairs":1,"minecraft:composter":3,"minecraft:oak_fence":1,"minecraft:torch":28,"minecraft:pointed_dripstone":9,"minecraft:diorite":179,"minecraft:carrot":371,"minecraft:redstone":75,"minecraft:arrow":1,"minecraft:rotten_flesh":10,"minecraft:deepslate_bricks":12,"minecraft:rail":11,"minecraft:glow_berries":58,"minecraft:mutton":1,"minecraft:cobblestone":1423,"minecraft:white_wool":15,"minecraft:bone_block":26,"minecraft:birch_log":38,"minecraft:enchanting_table":4,"minecraft:pink_petals":51,"minecraft:magma_block":5,"minecraft:feather":5,"minecraft:lilac":14,"minecraft:cherry_leaves":65,"minecraft:glow_ink_sac":6,"minecraft:andesite":2,"minecraft:leather":85,"minecraft:birch_planks":1,"minecraft:light_gray_dye":2,"minecraft:oak_log":175,"minecraft:tuff":47,"minecraft:lapis_lazuli":91,"minecraft:dirt":4217,"minecraft:grindstone":1,"minecraft:apple":6,"minecraft:raw_gold":14,"minecraft:bow":1,"minecraft:wheat_seeds":513,"minecraft:stone_pickaxe":1,"minecraft:iron_ingot":20,"minecraft:fletching_table":1,"minecraft:oak_planks":11,"minecraft:soul_sand":14,"minecraft:oak_slab":5,"minecraft:cooked_porkchop":12,"minecraft:dandelion":32,"minecraft:dripstone_block":6,"minecraft:gravel":7,"minecraft:sand":70,"minecraft:amethyst_shard":18,"minecraft:spruce_sapling":8,"minecraft:white_bed":1,"minecraft:spruce_log":183,"minecraft:diamond_shovel":1,"minecraft:diamond":37,"minecraft:lever":8,"minecraft:short_grass":1,"minecraft:bone_meal":105,"minecraft:granite":10,"minecraft:cherry_sapling":13,"minecraft:ender_pearl":1,"minecraft:emerald":2,"minecraft:bread":1,"minecraft:oak_button":8,"minecraft:netherrack":64,"minecraft:oak_sapling":49,"minecraft:coal":208,"minecraft:diamond_pickaxe":2},"minecraft:broken":{"minecraft:diamond_shovel":1,"minecraft:diamond_pickaxe":1},"minecraft:killed":{"minecraft:horse":1,"minecraft:skeleton":1,"minecraft:chicken":3,"minecraft:silverfish":4,"minecraft:iron_golem":1,"minecraft:trader_llama":1,"minecraft:zombie":4,"minecraft:cow":95},"minecraft:used":{"minecraft:oak_fence":1,"minecraft:oak_trapdoor":2,"minecraft:cherry_sapling":1,"minecraft:enchanting_table":4,"minecraft:redstone":12,"minecraft:poppy":1,"minecraft:oak_sign":9,"minecraft:spruce_planks":58,"minecraft:chest":13,"minecraft:deepslate_gold_ore":6,"minecraft:torch":272,"minecraft:dirt":1036,"minecraft:anvil":1,"minecraft:carrot":258,"minecraft:granite":1,"minecraft:glass":109,"minecraft:iron_hoe":147,"minecraft:lantern":1,"minecraft:iron_helmet":1,"minecraft:iron_boots":1,"minecraft:diamond_chestplate":1,"minecraft:soul_soil":1,"minecraft:oak_sapling":3,"minecraft:minecart":7,"minecraft:cooked_beef":40,"minecraft:cobbled_deepslate":1,"minecraft:short_grass":1,"minecraft:wheat_seeds":146,"minecraft:water_bucket":17,"minecraft:diorite":4,"minecraft:birch_planks":13,"minecraft:powered_rail":1,"minecraft:cartography_table":2,"minecraft:oak_planks":3,"minecraft:fletching_table":2,"minecraft:composter":4,"minecraft:stonecutter":1,"minecraft:diamond_axe":620,"minecraft:deepslate_bricks":113,"minecraft:blast_furnace":1,"minecraft:glow_berries":56,"minecraft:rail":33,"minecraft:crafting_table":5,"minecraft:white_bed":6,"minecraft:dripstone_block":2,"minecraft:shears":97,"minecraft:spruce_log":48,"minecraft:oak_log":10,"minecraft:piston":6,"minecraft:lever":14,"minecraft:diamond_pickaxe":2801,"minecraft:diamond_shovel":3909,"minecraft:stone_button":1,"minecraft:bread":1,"minecraft:spruce_trapdoor":6,"minecraft:cherry_stairs":1,"minecraft:cobblestone":338,"minecraft:grindstone":2,"minecraft:smithing_table":5,"minecraft:bucket":17,"minecraft:andesite":2,"minecraft:birch_log":7,"minecraft:oak_boat":8,"minecraft:diamond_leggings":1,"minecraft:dandelion":1,"minecraft:bone_meal":129}},"DataVersion":3953}