{"stats":{"minecraft:killed_by":{"minecraft:skeleton":1},"minecraft:dropped":{"minecraft:cooked_beef":21,"minecraft:diamond":4,"minecraft:cooked_porkchop":8,"minecraft:lantern":8,"minecraft:dirt":1329,"minecraft:cornflower":1,"minecraft:cherry_leaves":65,"minecraft:bone_meal":84,"minecraft:sand":57,"minecraft:iron_pickaxe":3,"minecraft:sugar_cane":3,"minecraft:iron_nugget":8,"minecraft:wheat":2,"minecraft:rotten_flesh":2,"minecraft:oak_planks":8,"minecraft:diamond_shovel":2,"minecraft:azure_bluet":4,"minecraft:carrot":115,"minecraft:egg":1,"minecraft:oak_slab":5,"minecraft:wheat_seeds":13,"minecraft:cobblestone":85,"minecraft:apple":3,"minecraft:torch":40,"minecraft:oak_stairs":36,"minecraft:iron_axe":1,"minecraft:iron_shovel":1,"minecraft:bucket":2,"minecraft:soul_soil":1,"minecraft:iron_hoe":2,"minecraft:shears":3,"minecraft:spruce_planks":4,"minecraft:oak_sapling":22,"minecraft:light_gray_dye":1},"minecraft:mined":{"minecraft:spruce_planks":7,"minecraft:white_bed":1,"minecraft:farmland":1,"minecraft:sculk_vein":1,"minecraft:granite":10,"minecraft:budding_amethyst":3,"minecraft:grass_block":2070,"minecraft:soul_soil":2,"minecraft:deepslate_bricks":28,"minecraft:composter":3,"minecraft:spawner":1,"minecraft:sculk_catalyst":1,"minecraft:iron_ore":62,"minecraft:fire":28,"minecraft:cobbled_deepslate":1,"minecraft:deepslate_lapis_ore":5,"minecraft:fletching_table":2,"minecraft:enchanting_table":4,"minecraft:pointed_dripstone":7,"minecraft:cave_vines":3,"minecraft:tripwire":38,"minecraft:deepslate_redstone_ore":17,"minecraft:amethyst_cluster":2,"minecraft:torch":16,"minecraft:blast_furnace":1,"minecraft:poppy":13,"minecraft:calcite":5,"minecraft:chest":1,"minecraft:glass":4,"minecraft:cobblestone":50,"minecraft:grindstone":1,"minecraft:sugar_cane":35,"minecraft:wall_torch":4,"minecraft:amethyst_block":13,"minecraft:deepslate_copper_ore":19,"minecraft:pink_petals":1,"minecraft:birch_log":33,"minecraft:wheat":149,"minecraft:lilac":14,"minecraft:oak_log":185,"minecraft:sand":49,"minecraft:dirt":1890,"minecraft:piston":3,"minecraft:oak_leaves":30,"minecraft:deepslate":575,"minecraft:infested_deepslate":4,"minecraft:tuff":47,"minecraft:mossy_cobblestone":1,"minecraft:deepslate_diamond_ore":34,"minecraft:lever":7,"minecraft:allium":6,"minecraft:redstone_wire":6,"minecraft:spruce_leaves":13,"minecraft:cartography_table":1,"minecraft:carrots":114,"minecraft:andesite":2,"minecraft:deepslate_iron_ore":23,"minecraft:rail":11,"minecraft:stone":1460,"minecraft:bone_block":26,"minecraft:smithing_table":6,"minecraft:soul_sand":28,"minecraft:dandelion":6,"minecraft:oak_fence":1,"minecraft:short_grass":394,"minecraft:emerald_ore":2,"minecraft:sculk_sensor":1,"minecraft:lectern":2,"minecraft:tall_grass":55,"minecraft:copper_ore":40,"minecraft:lapis_ore":8,"minecraft:sculk":27,"minecraft:diorite":181,"minecraft:birch_planks":1,"minecraft:spruce_log":187,"minecraft:birch_leaves":3,"minecraft:coal_ore":208,"minecraft:cherry_leaves":96,"minecraft:gravel":4,"minecraft:dripstone_block":6,"minecraft:fern":2},"minecraft:custom":{"minecraft:animals_bred":86,"minecraft:interact_with_crafting_table":75,"minecraft:leave_game":7,"minecraft:time_since_death":533796,"minecraft:sprint_one_cm":1266421,"minecraft:drop":90,"minecraft:talked_to_villager":43,"minecraft:play_time":557299,"minecraft:deaths":3,"minecraft:jump":7671,"minecraft:walk_on_water_one_cm":62843,"minecraft:enchant_item":12,"minecraft:interact_with_furnace":137,"minecraft:traded_with_villager":3,"minecraft:sleep_in_bed":12,"minecraft:damage_dealt":11963,"minecraft:crouch_one_cm":26855,"minecraft:horse_one_cm":3956,"minecraft:interact_with_smithing_table":1,"minecraft:interact_with_anvil":5,"minecraft:mob_kills":113,"minecraft:climb_one_cm":3053,"minecraft:walk_one_cm":1429248,"minecraft:sneak_time":9845,"minecraft:walk_under_water_one_cm":55830,"minecraft:boat_one_cm":539607,"minecraft:total_world_time":557299,"minecraft:interact_with_stonecutter":7,"minecraft:time_since_rest":3836,"minecraft:damage_taken":3206,"minecraft:swim_one_cm":74455,"minecraft:fly_one_cm":1585315,"minecraft:open_chest":412,"minecraft:fall_one_cm":169501},"minecraft:crafted":{"minecraft:grindstone":1,"minecraft:smooth_stone":3,"minecraft:oak_planks":236,"minecraft:oak_sign":9,"minecraft:stone":21,"minecraft:lever":16,"minecraft:diamond_shovel":4,"minecraft:bookshelf":3,"minecraft:glass":106,"minecraft:diamond_leggings":1,"minecraft:iron_boots":1,"minecraft:chest":17,"minecraft:oak_slab":12,"minecraft:emerald":3,"minecraft:diamond_axe":1,"minecraft:crafting_table":5,"minecraft:spruce_planks":324,"minecraft:iron_helmet":1,"minecraft:copper_ingot":25,"minecraft:fletching_table":1,"minecraft:birch_planks":16,"minecraft:brewing_stand":1,"minecraft:cartography_table":2,"minecraft:spruce_trapdoor":12,"minecraft:lectern":3,"minecraft:diamond_pickaxe":1,"minecraft:paper":63,"minecraft:charcoal":32,"minecraft:stick":184,"minecraft:stone_slab":6,"minecraft:iron_ingot":136,"minecraft:iron_block":3,"minecraft:gold_ingot":6,"minecraft:composter":1,"minecraft:deepslate_bricks":189,"minecraft:shears":3,"minecraft:iron_nugget":108,"minecraft:furnace":1,"minecraft:stone_button":1,"minecraft:blast_furnace":1,"minecraft:piston":15,"minecraft:bone_meal":135,"minecraft:oak_trapdoor":2,"minecraft:lantern":13,"minecraft:polished_deepslate":36,"minecraft:iron_hoe":3,"minecraft:spruce_slab":12,"minecraft:minecart":1,"minecraft:wheat":27,"minecraft:cooked_beef":176,"minecraft:powered_rail":6,"minecraft:oak_boat":2,"minecraft:anvil":1,"minecraft:stonecutter":1,"minecraft:white_bed":5,"minecraft:torch":352,"minecraft:diamond_chestplate":1},"minecraft:picked_up":{"minecraft:wheat":148,"minecraft:smithing_table":6,"minecraft:oak_stairs":72,"minecraft:amethyst_block":13,"minecraft:string":36,"minecraft:raw_copper":205,"minecraft:soul_soil":2,"minecraft:cobbled_deepslate":606,"minecraft:bucket":2,"minecraft:spruce_planks":11,"minecraft:calcite":4,"minecraft:iron_pickaxe":4,"minecraft:stick":61,"minecraft:composter":3,"minecraft:oak_fence":1,"minecraft:torch":36,"minecraft:pointed_dripstone":9,"minecraft:diorite":179,"minecraft:rotten_flesh":10,"minecraft:cobblestone":1516,"minecraft:birch_log":38,"minecraft:enchanting_table":4,"minecraft:pink_petals":57,"minecraft:magma_block":5,"minecraft:feather":5,"minecraft:lilac":14,"minecraft:cherry_leaves":65,"minecraft:andesite":2,"minecraft:tuff":47,"minecraft:light_gray_dye":2,"minecraft:dirt":4314,"minecraft:lapis_lazuli":91,"minecraft:bow":1,"minecraft:wheat_seeds":514,"minecraft:raw_gold":14,"minecraft:grindstone":1,"minecraft:fletching_table":2,"minecraft:oak_planks":11,"minecraft:cooked_porkchop":12,"minecraft:sand":105,"minecraft:diamond":37,"minecraft:lever":8,"minecraft:granite":10,"minecraft:bone_meal":105,"minecraft:bread":1,"minecraft:emerald":2,"minecraft:oak_sapling":49,"minecraft:netherrack":64,"minecraft:diamond_pickaxe":2,"minecraft:allium":6,"minecraft:azure_bluet":7,"minecraft:chicken":3,"minecraft:nether_wart":1,"minecraft:cornflower":3,"minecraft:iron_axe":2,"minecraft:iron_shovel":1,"minecraft:cartography_table":1,"minecraft:beef":189,"minecraft:oak_boat":7,"minecraft:iron_nugget":8,"minecraft:poppy":19,"minecraft:lectern":2,"minecraft:minecart":7,"minecraft:sugar_cane":72,"minecraft:chest":1,"minecraft:birch_sapling":2,"minecraft:piston":3,"minecraft:egg":3,"minecraft:raw_iron":147,"minecraft:cherry_stairs":1,"minecraft:carrot":371,"minecraft:redstone":80,"minecraft:arrow":1,"minecraft:deepslate_bricks":24,"minecraft:glow_berries":58,"minecraft:mutton":1,"minecraft:bone_block":26,"minecraft:white_wool":15,"minecraft:rail":11,"minecraft:glow_ink_sac":6,"minecraft:leather":85,"minecraft:birch_planks":1,"minecraft:oak_log":175,"minecraft:apple":6,"minecraft:iron_ingot":20,"minecraft:stone_pickaxe":1,"minecraft:soul_sand":14,"minecraft:oak_slab":5,"minecraft:dandelion":32,"minecraft:dripstone_block":6,"minecraft:gravel":7,"minecraft:amethyst_shard":18,"minecraft:spruce_sapling":8,"minecraft:blast_furnace":1,"minecraft:white_bed":1,"minecraft:spruce_log":183,"minecraft:diamond_shovel":1,"minecraft:short_grass":1,"minecraft:cherry_sapling":13,"minecraft:oak_button":8,"minecraft:coal":208,"minecraft:ender_pearl":1},"minecraft:broken":{"minecraft:diamond_shovel":1,"minecraft:diamond_pickaxe":1},"minecraft:killed":{"minecraft:spider":1,"minecraft:skeleton":1,"minecraft:chicken":3,"minecraft:silverfish":4,"minecraft:iron_golem":1,"minecraft:trader_llama":1,"minecraft:zombie":6,"minecraft:cow":95,"minecraft:horse":1},"minecraft:used":{"minecraft:cherry_sapling":1,"minecraft:poppy":1,"minecraft:oak_sign":9,"minecraft:chest":18,"minecraft:carrot":258,"minecraft:glass":109,"minecraft:lantern":1,"minecraft:iron_helmet":1,"minecraft:oak_sapling":3,"minecraft:short_grass":1,"minecraft:diorite":4,"minecraft:powered_rail":1,"minecraft:oak_planks":3,"minecraft:composter":4,"minecraft:diamond_axe":634,"minecraft:glow_berries":56,"minecraft:blast_furnace":2,"minecraft:dripstone_block":2,"minecraft:shears":97,"minecraft:lever":17,"minecraft:bread":1,"minecraft:stone_button":1,"minecraft:lectern":4,"minecraft:grindstone":2,"minecraft:smithing_table":5,"minecraft:birch_log":7,"minecraft:andesite":2,"minecraft:oak_boat":8,"minecraft:bone_meal":129,"minecraft:oak_trapdoor":2,"minecraft:oak_fence":1,"minecraft:enchanting_table":4,"minecraft:redstone":25,"minecraft:spruce_planks":81,"minecraft:deepslate_gold_ore":6,"minecraft:torch":332,"minecraft:brewing_stand":1,"minecraft:dirt":1036,"minecraft:anvil":1,"minecraft:granite":1,"minecraft:iron_hoe":147,"minecraft:iron_boots":1,"minecraft:diamond_chestplate":1,"minecraft:soul_soil":1,"minecraft:minecart":7,"minecraft:cooked_beef":47,"minecraft:cobbled_deepslate":1,"minecraft:wheat_seeds":146,"minecraft:water_bucket":17,"minecraft:birch_planks":13,"minecraft:cartography_table":2,"minecraft:fletching_table":3,"minecraft:stonecutter":1,"minecraft:deepslate_bricks":181,"minecraft:rail":33,"minecraft:crafting_table":5,"minecraft:white_bed":6,"minecraft:spruce_log":57,"minecraft:oak_log":10,"minecraft:piston":12,"minecraft:diamond_pickaxe":2917,"minecraft:diamond_shovel":4041,"minecraft:spruce_trapdoor":9,"minecraft:cobblestone":338,"minecraft:cherry_stairs":1,"minecraft:bucket":17,"minecraft:dandelion":1,"minecraft:diamond_leggings":1}},"DataVersion":3953}