{"stats":{"minecraft:mined":{"minecraft:cherry_log":134,"minecraft:stripped_cherry_log":1,"minecraft:dandelion":11,"minecraft:short_grass":91,"minecraft:grass_block":47,"minecraft:poppy":1,"minecraft:tall_grass":7,"minecraft:oxeye_daisy":2,"minecraft:pink_petals":25,"minecraft:iron_ore":8,"minecraft:azure_bluet":2,"minecraft:oak_log":34,"minecraft:cherry_leaves":14,"minecraft:dirt":75,"minecraft:stone":34,"minecraft:cherry_stairs":4,"minecraft:oak_leaves":15},"minecraft:dropped":{"minecraft:stone_axe":2,"minecraft:stone_sword":1,"minecraft:stone_pickaxe":2},"minecraft:custom":{"minecraft:interact_with_furnace":6,"minecraft:mob_kills":10,"minecraft:interact_with_crafting_table":34,"minecraft:leave_game":9,"minecraft:time_since_death":92785,"minecraft:sleep_in_bed":4,"minecraft:climb_one_cm":460,"minecraft:time_since_rest":64088,"minecraft:sprint_one_cm":148485,"minecraft:damage_taken":561,"minecraft:walk_one_cm":481517,"minecraft:drop":5,"minecraft:damage_dealt":1121,"minecraft:fly_one_cm":46100,"minecraft:open_chest":37,"minecraft:crouch_one_cm":2247,"minecraft:play_time":92785,"minecraft:sneak_time":396,"minecraft:walk_under_water_one_cm":6989,"minecraft:jump":1102,"minecraft:walk_on_water_one_cm":20326,"minecraft:total_world_time":92785,"minecraft:fall_one_cm":17382},"minecraft:crafted":{"minecraft:cherry_planks":432,"minecraft:wooden_sword":1,"minecraft:oak_planks":20,"minecraft:crafting_table":1,"minecraft:wooden_pickaxe":1,"minecraft:iron_helmet":1,"minecraft:iron_sword":1,"minecraft:oak_wood":6,"minecraft:campfire":1,"minecraft:stone_axe":3,"minecraft:bread":21,"minecraft:light_gray_bed":1,"minecraft:iron_chestplate":1,"minecraft:iron_boots":1,"minecraft:charcoal":1,"minecraft:iron_axe":1,"minecraft:stick":16,"minecraft:cherry_stairs":288,"minecraft:stone_pickaxe":2,"minecraft:stone_sword":2,"minecraft:iron_leggings":1,"minecraft:light_gray_dye":2,"minecraft:white_bed":1,"minecraft:wheat":63},"minecraft:picked_up":{"minecraft:pink_petals":109,"minecraft:azure_bluet":1,"minecraft:stripped_cherry_log":1,"minecraft:oak_log":34,"minecraft:dirt":277,"minecraft:apple":1,"minecraft:wheat_seeds":13,"minecraft:iron_ingot":30,"minecraft:stone_pickaxe":1,"minecraft:poppy":1,"minecraft:light_gray_wool":1,"minecraft:raw_iron":8,"minecraft:stick":8,"minecraft:cherry_stairs":4,"minecraft:dandelion":10,"minecraft:porkchop":4,"minecraft:cherry_log":125,"minecraft:carrot":16,"minecraft:arrow":1,"minecraft:rotten_flesh":3,"minecraft:stone_axe":1,"minecraft:cherry_sapling":3,"minecraft:gray_wool":2,"minecraft:oak_sapling":3,"minecraft:mutton":8,"minecraft:cobblestone":33,"minecraft:white_wool":3,"minecraft:oxeye_daisy":2},"minecraft:broken":{"minecraft:stone_axe":1},"minecraft:killed":{"minecraft:pig":2,"minecraft:sheep":5,"minecraft:skeleton":1,"minecraft:zombie":2},"minecraft:used":{"minecraft:stone_sword":107,"minecraft:stone_pickaxe":13,"minecraft:wooden_pickaxe":34,"minecraft:iron_sword":2,"minecraft:rotten_flesh":3,"minecraft:white_wool":3,"minecraft:dirt":36,"minecraft:carrot":5,"minecraft:iron_axe":72,"minecraft:bread":10,"minecraft:stone_axe":153,"minecraft:light_gray_wool":1,"minecraft:cobblestone":10,"minecraft:cherry_stairs":289,"minecraft:light_gray_bed":1}},"DataVersion":3953}