{"stats":{"minecraft:mined":{"minecraft:cherry_planks":2,"minecraft:quartz_block":14,"minecraft:cherry_log":167,"minecraft:stripped_cherry_log":1,"minecraft:dandelion":11,"minecraft:cherry_trapdoor":6,"minecraft:short_grass":94,"minecraft:grass_block":48,"minecraft:poppy":1,"minecraft:tall_grass":7,"minecraft:oxeye_daisy":2,"minecraft:pink_petals":33,"minecraft:iron_ore":8,"minecraft:azure_bluet":2,"minecraft:oak_log":34,"minecraft:cherry_leaves":51,"minecraft:dirt":86,"minecraft:stone":34,"minecraft:cherry_stairs":18,"minecraft:oak_leaves":15},"minecraft:dropped":{"minecraft:stone_axe":3,"minecraft:stone_sword":1,"minecraft:cooked_mutton":1,"minecraft:light_gray_dye":1,"minecraft:stone_pickaxe":2,"minecraft:iron_shovel":1,"minecraft:pink_petals":18},"minecraft:custom":{"minecraft:interact_with_furnace":9,"minecraft:mob_kills":10,"minecraft:interact_with_crafting_table":39,"minecraft:interact_with_campfire":12,"minecraft:leave_game":9,"minecraft:time_since_death":116785,"minecraft:sleep_in_bed":4,"minecraft:climb_one_cm":460,"minecraft:time_since_rest":88088,"minecraft:sprint_one_cm":175917,"minecraft:damage_taken":685,"minecraft:walk_one_cm":573705,"minecraft:drop":10,"minecraft:damage_dealt":1221,"minecraft:fly_one_cm":49970,"minecraft:open_chest":44,"minecraft:crouch_one_cm":3372,"minecraft:play_time":116785,"minecraft:sneak_time":563,"minecraft:walk_under_water_one_cm":6989,"minecraft:jump":1279,"minecraft:walk_on_water_one_cm":20326,"minecraft:total_world_time":116785,"minecraft:fall_one_cm":20296},"minecraft:crafted":{"minecraft:cherry_planks":520,"minecraft:wooden_sword":1,"minecraft:oak_planks":20,"minecraft:crafting_table":1,"minecraft:cherry_slab":24,"minecraft:wooden_pickaxe":1,"minecraft:iron_helmet":1,"minecraft:iron_sword":1,"minecraft:oak_wood":6,"minecraft:campfire":2,"minecraft:stone_axe":3,"minecraft:bread":21,"minecraft:light_gray_bed":1,"minecraft:cherry_trapdoor":10,"minecraft:cherry_sign":3,"minecraft:iron_chestplate":1,"minecraft:iron_boots":1,"minecraft:charcoal":2,"minecraft:iron_axe":1,"minecraft:stick":24,"minecraft:iron_ingot":18,"minecraft:cherry_stairs":308,"minecraft:stone_pickaxe":2,"minecraft:stone_sword":2,"minecraft:iron_shovel":1,"minecraft:iron_leggings":1,"minecraft:light_gray_dye":2,"minecraft:white_bed":1,"minecraft:wheat":63},"minecraft:picked_up":{"minecraft:pink_petals":127,"minecraft:azure_bluet":1,"minecraft:cherry_planks":1,"minecraft:stripped_cherry_log":1,"minecraft:oak_log":34,"minecraft:dirt":290,"minecraft:cooked_mutton":9,"minecraft:apple":1,"minecraft:wheat_seeds":14,"minecraft:iron_ingot":30,"minecraft:stone_pickaxe":1,"minecraft:poppy":1,"minecraft:light_gray_wool":1,"minecraft:cherry_trapdoor":5,"minecraft:raw_iron":8,"minecraft:stick":8,"minecraft:cherry_stairs":17,"minecraft:dandelion":10,"minecraft:porkchop":4,"minecraft:cherry_log":157,"minecraft:carrot":16,"minecraft:quartz_block":13,"minecraft:arrow":1,"minecraft:rotten_flesh":3,"minecraft:stone_axe":1,"minecraft:cherry_sapling":5,"minecraft:gray_wool":2,"minecraft:oak_sapling":3,"minecraft:netherrack":320,"minecraft:mutton":8,"minecraft:cobblestone":33,"minecraft:white_wool":3,"minecraft:oxeye_daisy":2},"minecraft:broken":{"minecraft:stone_axe":1},"minecraft:killed":{"minecraft:pig":2,"minecraft:sheep":5,"minecraft:skeleton":1,"minecraft:zombie":2},"minecraft:used":{"minecraft:cooked_mutton":1,"minecraft:cherry_sapling":2,"minecraft:stone_sword":107,"minecraft:stone_pickaxe":13,"minecraft:wooden_pickaxe":48,"minecraft:cherry_planks":7,"minecraft:iron_sword":2,"minecraft:rotten_flesh":3,"minecraft:white_wool":3,"minecraft:dirt":78,"minecraft:carrot":5,"minecraft:campfire":2,"minecraft:iron_axe":146,"minecraft:bread":10,"minecraft:quartz_block":14,"minecraft:cherry_trapdoor":6,"minecraft:stone_axe":153,"minecraft:light_gray_wool":1,"minecraft:cobblestone":10,"minecraft:cherry_stairs":304,"minecraft:light_gray_bed":1}},"DataVersion":3953}