{"stats":{"minecraft:killed_by":{"minecraft:player":1},"minecraft:mined":{"minecraft:attached_melon_stem":1,"minecraft:white_bed":10,"minecraft:oak_sapling":2,"minecraft:farmland":3,"minecraft:cherry_log":284,"minecraft:cherry_sapling":1,"minecraft:grass_block":1042,"minecraft:light_gray_bed":1,"minecraft:oxeye_daisy":1,"minecraft:hay_block":71,"minecraft:tall_seagrass":1,"minecraft:carrots":121,"minecraft:iron_ore":29,"minecraft:fire":6,"minecraft:pumpkin":9,"minecraft:potatoes":30,"minecraft:pointed_dripstone":1,"minecraft:cave_vines":1,"minecraft:rail":3,"minecraft:lantern":2,"minecraft:stone":55,"minecraft:cherry_stairs":25,"minecraft:cherry_planks":5,"minecraft:soul_sand":5,"minecraft:melon_stem":2,"minecraft:dandelion":13,"minecraft:oak_fence":4,"minecraft:clay":25,"minecraft:crafting_table":7,"minecraft:cornflower":2,"minecraft:torch":1,"minecraft:short_grass":365,"minecraft:poppy":1,"minecraft:glass":4,"minecraft:tall_grass":51,"minecraft:lily_pad":2,"minecraft:oak_planks":20,"minecraft:sugar_cane":86,"minecraft:diorite":4,"minecraft:wall_torch":2,"minecraft:pink_petals":73,"minecraft:seagrass":6,"minecraft:wheat":532,"minecraft:cherry_door":1,"minecraft:pumpkin_stem":3,"minecraft:coal_ore":74,"minecraft:oak_log":98,"minecraft:beetroots":1,"minecraft:cherry_leaves":710,"minecraft:gravel":15,"minecraft:sand":785,"minecraft:dirt":1209,"minecraft:oak_leaves":59},"minecraft:dropped":{"minecraft:oak_slab":30,"minecraft:bread":41,"minecraft:ominous_bottle":1,"minecraft:wheat_seeds":16,"minecraft:cherry_log":46,"minecraft:feather":1,"minecraft:oak_fence":1,"minecraft:lantern":1,"minecraft:rail":3,"minecraft:oxeye_daisy":1,"minecraft:dirt":187,"minecraft:cornflower":2,"minecraft:cherry_planks":5,"minecraft:bone_meal":30,"minecraft:sand":1,"minecraft:string":1,"minecraft:pink_petals":7,"minecraft:dandelion":13,"minecraft:gravel":21,"minecraft:stone_axe":3,"minecraft:cherry_boat":1,"minecraft:pointed_dripstone":1,"minecraft:raw_iron":64,"minecraft:rotten_flesh":1,"minecraft:oak_planks":2,"minecraft:diamond_shovel":1,"minecraft:poppy":1},"minecraft:custom":{"minecraft:mob_kills":101,"minecraft:animals_bred":36,"minecraft:interact_with_crafting_table":62,"minecraft:bell_ring":4,"minecraft:leave_game":4,"minecraft:time_since_death":324778,"minecraft:climb_one_cm":1167,"minecraft:sprint_one_cm":2231413,"minecraft:walk_one_cm":2040959,"minecraft:damage_blocked_by_shield":60,"minecraft:drop":42,"minecraft:talked_to_villager":3,"minecraft:play_time":619423,"minecraft:deaths":1,"minecraft:sneak_time":12584,"minecraft:walk_under_water_one_cm":19706,"minecraft:boat_one_cm":143062,"minecraft:jump":6516,"minecraft:walk_on_water_one_cm":61891,"minecraft:total_world_time":619423,"minecraft:interact_with_furnace":92,"minecraft:sleep_in_bed":26,"minecraft:time_since_rest":57134,"minecraft:damage_taken":6153,"minecraft:damage_dealt":10954,"minecraft:swim_one_cm":144634,"minecraft:fly_one_cm":703936,"minecraft:player_kills":2,"minecraft:open_chest":174,"minecraft:crouch_one_cm":32719,"minecraft:fish_caught":10,"minecraft:fall_one_cm":141972,"minecraft:horse_one_cm":1529},"minecraft:crafted":{"minecraft:cherry_planks":404,"minecraft:oak_planks":284,"minecraft:stone_shovel":7,"minecraft:fishing_rod":1,"minecraft:cooked_chicken":8,"minecraft:cherry_boat":2,"minecraft:bone_meal":66,"minecraft:cooked_mutton":7,"minecraft:glass":578,"minecraft:cherry_stairs":100,"minecraft:stone_pickaxe":2,"minecraft:chest":12,"minecraft:stone_hoe":1,"minecraft:oak_fence":102,"minecraft:wheat":162,"minecraft:cooked_beef":99,"minecraft:oak_slab":78,"minecraft:cooked_cod":8,"minecraft:crafting_table":7,"minecraft:wooden_pickaxe":1,"minecraft:copper_ingot":9,"minecraft:birch_planks":36,"minecraft:pumpkin_seeds":36,"minecraft:stone_axe":6,"minecraft:bread":83,"minecraft:oak_fence_gate":6,"minecraft:wooden_hoe":1,"minecraft:stick":112,"minecraft:iron_ingot":36,"minecraft:wooden_axe":1,"minecraft:cherry_door":3,"minecraft:torch":20,"minecraft:shears":1},"minecraft:picked_up":{"minecraft:fishing_rod":1,"minecraft:crafting_table":8,"minecraft:iron_chestplate":2,"minecraft:bee_nest":1,"minecraft:wheat":402,"minecraft:ominous_bottle":1,"minecraft:chicken":11,"minecraft:clay_ball":100,"minecraft:lead":8,"minecraft:shield":2,"minecraft:cornflower":2,"minecraft:string":4,"minecraft:iron_axe":2,"minecraft:flint_and_steel":2,"minecraft:iron_leggings":2,"minecraft:iron_shovel":1,"minecraft:pufferfish":2,"minecraft:cherry_boat":3,"minecraft:bucket":1,"minecraft:beef":90,"minecraft:poppy":1,"minecraft:sugar_cane":90,"minecraft:stick":92,"minecraft:raw_iron":93,"minecraft:cherry_stairs":25,"minecraft:oak_fence":4,"minecraft:torch":7,"minecraft:porkchop":4,"minecraft:cherry_log":334,"minecraft:pointed_dripstone":1,"minecraft:diorite":4,"minecraft:carrot":221,"minecraft:quartz_block":75,"minecraft:arrow":4,"minecraft:light_gray_bed":1,"minecraft:rotten_flesh":14,"minecraft:beetroot_seeds":1,"minecraft:shears":3,"minecraft:hay_block":69,"minecraft:glowstone":57,"minecraft:glow_berries":7,"minecraft:mutton":17,"minecraft:cod":8,"minecraft:rail":3,"minecraft:white_wool":10,"minecraft:cobblestone":112,"minecraft:oxeye_daisy":1,"minecraft:stripped_oak_log":1,"minecraft:pink_petals":239,"minecraft:feather":11,"minecraft:cooked_beef":21,"minecraft:golden_carrot":18,"minecraft:cherry_planks":9,"minecraft:cherry_leaves":609,"minecraft:leather":52,"minecraft:potato":85,"minecraft:flint":2,"minecraft:oak_log":122,"minecraft:lily_pad":3,"minecraft:golden_boots":1,"minecraft:gunpowder":1,"minecraft:cherry_door":1,"minecraft:dirt":3268,"minecraft:lantern":20,"minecraft:white_banner":1,"minecraft:glass":12,"minecraft:bone":84,"minecraft:apple":3,"minecraft:wheat_seeds":1313,"minecraft:iron_ingot":15,"minecraft:oak_planks":23,"minecraft:iron_sword":2,"minecraft:stone_hoe":1,"minecraft:pumpkin":9,"minecraft:dandelion":17,"minecraft:poisonous_potato":1,"minecraft:gravel":27,"minecraft:sand":829,"minecraft:white_bed":12,"minecraft:spider_eye":1,"minecraft:iron_hoe":2,"minecraft:diamond_shovel":3,"minecraft:pumpkin_seeds":2,"minecraft:diamond":1,"minecraft:stone_axe":6,"minecraft:bone_meal":6,"minecraft:cherry_sapling":56,"minecraft:gray_wool":1,"minecraft:bread":65,"minecraft:oak_sapling":60,"minecraft:cherry_slab":2,"minecraft:melon_seeds":11,"minecraft:coal":112,"minecraft:ender_pearl":2},"minecraft:killed":{"minecraft:spider":2,"minecraft:skeleton":5,"minecraft:chicken":11,"minecraft:pig":2,"minecraft:creeper":2,"minecraft:sheep":11,"minecraft:trader_llama":3,"minecraft:pillager":2,"minecraft:zombie":15,"minecraft:enderman":1,"minecraft:cow":47},"minecraft:broken":{"minecraft:iron_shovel":1,"minecraft:shears":2,"minecraft:flint_and_steel":1,"minecraft:wooden_pickaxe":1,"minecraft:diamond_shovel":1,"minecraft:iron_axe":1,"minecraft:stone_axe":4,"minecraft:wooden_axe":1,"minecraft:wooden_hoe":1,"minecraft:stone_shovel":7,"minecraft:iron_hoe":2},"minecraft:used":{"minecraft:oak_fence":89,"minecraft:cherry_boat":3,"minecraft:cherry_sapling":2,"minecraft:iron_shovel":256,"minecraft:flint_and_steel":63,"minecraft:stone_shovel":943,"minecraft:shield":2,"minecraft:chest":12,"minecraft:iron_sword":175,"minecraft:rotten_flesh":7,"minecraft:stone_hoe":50,"minecraft:cooked_chicken":8,"minecraft:torch":20,"minecraft:dirt":2567,"minecraft:carrot":181,"minecraft:bee_nest":1,"minecraft:oak_fence_gate":1,"minecraft:glass":650,"minecraft:iron_hoe":509,"minecraft:wooden_axe":82,"minecraft:lantern":14,"minecraft:iron_axe":14,"minecraft:cherry_leaves":529,"minecraft:melon_seeds":7,"minecraft:golden_carrot":4,"minecraft:oak_sapling":29,"minecraft:beetroot_seeds":1,"minecraft:cooked_beef":23,"minecraft:potato":85,"minecraft:light_gray_bed":1,"minecraft:cherry_log":124,"minecraft:wheat_seeds":592,"minecraft:cooked_mutton":10,"minecraft:water_bucket":11,"minecraft:stone_pickaxe":123,"minecraft:oak_planks":20,"minecraft:ender_pearl":1,"minecraft:wooden_pickaxe":60,"minecraft:cherry_planks":193,"minecraft:sugar_cane":90,"minecraft:glow_berries":5,"minecraft:sand":10,"minecraft:oak_slab":48,"minecraft:crafting_table":13,"minecraft:white_bed":10,"minecraft:pumpkin_seeds":22,"minecraft:shears":664,"minecraft:oak_log":54,"minecraft:wooden_hoe":85,"minecraft:apple":1,"minecraft:diamond_shovel":1552,"minecraft:cherry_door":3,"minecraft:bread":96,"minecraft:chicken":3,"minecraft:gravel":1,"minecraft:stone_axe":520,"minecraft:fishing_rod":23,"minecraft:cobblestone":18,"minecraft:cherry_stairs":117,"minecraft:white_banner":1,"minecraft:bucket":11,"minecraft:bone_meal":39}},"DataVersion":3953}