{"stats":{"minecraft:killed_by":{"minecraft:player":1},"minecraft:mined":{"minecraft:attached_melon_stem":1,"minecraft:white_bed":10,"minecraft:oak_sapling":2,"minecraft:farmland":3,"minecraft:cherry_log":284,"minecraft:cherry_sapling":1,"minecraft:grass_block":800,"minecraft:light_gray_bed":1,"minecraft:oxeye_daisy":1,"minecraft:hay_block":71,"minecraft:tall_seagrass":1,"minecraft:carrots":121,"minecraft:iron_ore":29,"minecraft:fire":6,"minecraft:pumpkin":9,"minecraft:potatoes":30,"minecraft:pointed_dripstone":1,"minecraft:cave_vines":1,"minecraft:rail":3,"minecraft:lantern":2,"minecraft:stone":55,"minecraft:cherry_stairs":25,"minecraft:cherry_planks":5,"minecraft:soul_sand":5,"minecraft:melon_stem":2,"minecraft:dandelion":13,"minecraft:oak_fence":1,"minecraft:clay":25,"minecraft:crafting_table":7,"minecraft:cornflower":2,"minecraft:short_grass":326,"minecraft:poppy":1,"minecraft:glass":4,"minecraft:tall_grass":51,"minecraft:lily_pad":2,"minecraft:oak_planks":20,"minecraft:sugar_cane":86,"minecraft:diorite":4,"minecraft:wall_torch":2,"minecraft:pink_petals":73,"minecraft:seagrass":6,"minecraft:wheat":532,"minecraft:cherry_door":1,"minecraft:pumpkin_stem":3,"minecraft:coal_ore":74,"minecraft:oak_log":58,"minecraft:beetroots":1,"minecraft:cherry_leaves":710,"minecraft:gravel":15,"minecraft:sand":785,"minecraft:dirt":987,"minecraft:oak_leaves":49},"minecraft:dropped":{"minecraft:bread":41,"minecraft:ominous_bottle":1,"minecraft:wheat_seeds":16,"minecraft:cherry_log":46,"minecraft:feather":1,"minecraft:oak_fence":1,"minecraft:lantern":1,"minecraft:rail":3,"minecraft:oxeye_daisy":1,"minecraft:dirt":187,"minecraft:cornflower":2,"minecraft:cherry_planks":5,"minecraft:sand":1,"minecraft:string":1,"minecraft:pink_petals":7,"minecraft:dandelion":13,"minecraft:gravel":21,"minecraft:stone_axe":2,"minecraft:cherry_boat":1,"minecraft:pointed_dripstone":1,"minecraft:raw_iron":64,"minecraft:rotten_flesh":1,"minecraft:oak_planks":2,"minecraft:diamond_shovel":1,"minecraft:poppy":1},"minecraft:custom":{"minecraft:mob_kills":101,"minecraft:animals_bred":36,"minecraft:interact_with_crafting_table":49,"minecraft:bell_ring":4,"minecraft:leave_game":4,"minecraft:time_since_death":288778,"minecraft:climb_one_cm":1167,"minecraft:sprint_one_cm":2129024,"minecraft:walk_one_cm":1923887,"minecraft:damage_blocked_by_shield":60,"minecraft:drop":39,"minecraft:talked_to_villager":3,"minecraft:play_time":583423,"minecraft:deaths":1,"minecraft:sneak_time":12472,"minecraft:walk_under_water_one_cm":19706,"minecraft:boat_one_cm":143062,"minecraft:jump":6115,"minecraft:walk_on_water_one_cm":60769,"minecraft:total_world_time":583423,"minecraft:interact_with_furnace":92,"minecraft:sleep_in_bed":26,"minecraft:time_since_rest":21134,"minecraft:damage_taken":5806,"minecraft:damage_dealt":10915,"minecraft:swim_one_cm":144634,"minecraft:fly_one_cm":625178,"minecraft:player_kills":2,"minecraft:open_chest":161,"minecraft:crouch_one_cm":32395,"minecraft:fish_caught":10,"minecraft:fall_one_cm":136995,"minecraft:horse_one_cm":1529},"minecraft:crafted":{"minecraft:cherry_planks":404,"minecraft:oak_planks":96,"minecraft:stone_shovel":5,"minecraft:fishing_rod":1,"minecraft:cooked_chicken":8,"minecraft:cherry_boat":2,"minecraft:cooked_mutton":7,"minecraft:glass":578,"minecraft:cherry_stairs":100,"minecraft:stone_pickaxe":2,"minecraft:chest":11,"minecraft:stone_hoe":1,"minecraft:wheat":162,"minecraft:cooked_beef":99,"minecraft:cooked_cod":8,"minecraft:crafting_table":6,"minecraft:wooden_pickaxe":1,"minecraft:copper_ingot":9,"minecraft:birch_planks":36,"minecraft:pumpkin_seeds":36,"minecraft:stone_axe":6,"minecraft:bread":83,"minecraft:wooden_hoe":1,"minecraft:stick":48,"minecraft:iron_ingot":36,"minecraft:wooden_axe":1,"minecraft:cherry_door":3,"minecraft:torch":20,"minecraft:shears":1},"minecraft:picked_up":{"minecraft:fishing_rod":1,"minecraft:crafting_table":8,"minecraft:iron_chestplate":2,"minecraft:bee_nest":1,"minecraft:wheat":402,"minecraft:ominous_bottle":1,"minecraft:chicken":11,"minecraft:clay_ball":100,"minecraft:lead":8,"minecraft:shield":2,"minecraft:cornflower":2,"minecraft:string":4,"minecraft:iron_axe":2,"minecraft:flint_and_steel":2,"minecraft:iron_leggings":2,"minecraft:iron_shovel":1,"minecraft:pufferfish":2,"minecraft:cherry_boat":3,"minecraft:bucket":1,"minecraft:beef":90,"minecraft:poppy":1,"minecraft:sugar_cane":90,"minecraft:stick":73,"minecraft:raw_iron":93,"minecraft:cherry_stairs":25,"minecraft:oak_fence":1,"minecraft:torch":4,"minecraft:porkchop":4,"minecraft:cherry_log":334,"minecraft:pointed_dripstone":1,"minecraft:diorite":4,"minecraft:carrot":220,"minecraft:quartz_block":75,"minecraft:arrow":4,"minecraft:light_gray_bed":1,"minecraft:rotten_flesh":14,"minecraft:beetroot_seeds":1,"minecraft:shears":3,"minecraft:hay_block":69,"minecraft:glowstone":57,"minecraft:glow_berries":7,"minecraft:mutton":17,"minecraft:cod":8,"minecraft:rail":3,"minecraft:white_wool":10,"minecraft:cobblestone":112,"minecraft:oxeye_daisy":1,"minecraft:pink_petals":239,"minecraft:feather":11,"minecraft:cooked_beef":21,"minecraft:cherry_planks":9,"minecraft:cherry_leaves":609,"minecraft:leather":52,"minecraft:potato":85,"minecraft:flint":2,"minecraft:oak_log":57,"minecraft:lily_pad":3,"minecraft:golden_boots":1,"minecraft:gunpowder":1,"minecraft:cherry_door":1,"minecraft:dirt":2707,"minecraft:lantern":20,"minecraft:white_banner":1,"minecraft:glass":12,"minecraft:bone":12,"minecraft:apple":1,"minecraft:wheat_seeds":1305,"minecraft:iron_ingot":1,"minecraft:oak_planks":22,"minecraft:iron_sword":2,"minecraft:stone_hoe":1,"minecraft:pumpkin":9,"minecraft:dandelion":17,"minecraft:poisonous_potato":1,"minecraft:gravel":27,"minecraft:sand":829,"minecraft:white_bed":12,"minecraft:spider_eye":1,"minecraft:iron_hoe":2,"minecraft:diamond_shovel":3,"minecraft:pumpkin_seeds":2,"minecraft:diamond":1,"minecraft:stone_axe":5,"minecraft:cherry_sapling":56,"minecraft:gray_wool":1,"minecraft:bread":65,"minecraft:oak_sapling":34,"minecraft:cherry_slab":2,"minecraft:melon_seeds":11,"minecraft:coal":112,"minecraft:ender_pearl":2},"minecraft:killed":{"minecraft:spider":2,"minecraft:skeleton":5,"minecraft:chicken":11,"minecraft:pig":2,"minecraft:creeper":2,"minecraft:sheep":11,"minecraft:trader_llama":3,"minecraft:pillager":2,"minecraft:zombie":15,"minecraft:enderman":1,"minecraft:cow":47},"minecraft:broken":{"minecraft:iron_shovel":1,"minecraft:shears":2,"minecraft:flint_and_steel":1,"minecraft:wooden_pickaxe":1,"minecraft:iron_axe":1,"minecraft:stone_axe":4,"minecraft:wooden_axe":1,"minecraft:wooden_hoe":1,"minecraft:stone_shovel":5,"minecraft:iron_hoe":2},"minecraft:used":{"minecraft:cherry_boat":3,"minecraft:cherry_sapling":2,"minecraft:iron_shovel":256,"minecraft:flint_and_steel":63,"minecraft:stone_shovel":679,"minecraft:shield":2,"minecraft:chest":11,"minecraft:iron_sword":175,"minecraft:rotten_flesh":7,"minecraft:stone_hoe":50,"minecraft:cooked_chicken":8,"minecraft:torch":20,"minecraft:dirt":2554,"minecraft:carrot":180,"minecraft:glass":650,"minecraft:iron_hoe":509,"minecraft:wooden_axe":82,"minecraft:lantern":14,"minecraft:iron_axe":14,"minecraft:cherry_leaves":529,"minecraft:melon_seeds":7,"minecraft:oak_sapling":15,"minecraft:beetroot_seeds":1,"minecraft:cooked_beef":22,"minecraft:potato":85,"minecraft:light_gray_bed":1,"minecraft:cherry_log":124,"minecraft:wheat_seeds":592,"minecraft:cooked_mutton":10,"minecraft:water_bucket":11,"minecraft:stone_pickaxe":123,"minecraft:oak_planks":20,"minecraft:ender_pearl":1,"minecraft:wooden_pickaxe":60,"minecraft:cherry_planks":193,"minecraft:sugar_cane":90,"minecraft:glow_berries":5,"minecraft:sand":10,"minecraft:crafting_table":12,"minecraft:white_bed":10,"minecraft:pumpkin_seeds":22,"minecraft:shears":664,"minecraft:wooden_hoe":85,"minecraft:apple":1,"minecraft:diamond_shovel":1379,"minecraft:cherry_door":3,"minecraft:bread":96,"minecraft:chicken":3,"minecraft:gravel":1,"minecraft:stone_axe":470,"minecraft:fishing_rod":23,"minecraft:cobblestone":18,"minecraft:cherry_stairs":117,"minecraft:white_banner":1,"minecraft:bucket":11}},"DataVersion":3953}