{"stats":{"minecraft:killed":{"minecraft:zombie":2,"minecraft:cow":1},"minecraft:picked_up":{"minecraft:wooden_axe":1,"minecraft:stripped_oak_log":2,"minecraft:pink_petals":71,"minecraft:crafting_table":8,"minecraft:wheat":14,"minecraft:azure_bluet":4,"minecraft:andesite":1,"minecraft:ladder":4,"minecraft:cherry_planks":138,"minecraft:cherry_leaves":215,"minecraft:leather":2,"minecraft:waxed_copper_block":4,"minecraft:oak_log":103,"minecraft:cherry_fence":3,"minecraft:gunpowder":2,"minecraft:cherry_door":3,"minecraft:dirt":551,"minecraft:string":7,"minecraft:raw_copper":152,"minecraft:apple":3,"minecraft:wheat_seeds":5,"minecraft:cobbled_deepslate":54,"minecraft:stone_pickaxe":9,"minecraft:beef":2,"minecraft:sugar_cane":17,"minecraft:chest":5,"minecraft:oak_planks":57,"minecraft:egg":2,"minecraft:pink_bed":6,"minecraft:stick":172,"minecraft:raw_iron":2,"minecraft:pumpkin":15,"minecraft:torch":205,"minecraft:gravel":1,"minecraft:cherry_log":465,"minecraft:diorite":23,"minecraft:pointed_dripstone":7,"minecraft:white_bed":3,"minecraft:carrot":106,"minecraft:arrow":1,"minecraft:rotten_flesh":6,"minecraft:stone_axe":3,"minecraft:shears":1,"minecraft:granite":82,"minecraft:cherry_sapling":224,"minecraft:bread":14,"minecraft:baked_potato":2,"minecraft:oak_sapling":44,"minecraft:coal":345,"minecraft:white_wool":1,"minecraft:cobblestone":486},"minecraft:killed_by":{"minecraft:skeleton":2,"minecraft:zombie":4},"minecraft:mined":{"minecraft:white_bed":1,"minecraft:oak_sapling":1,"minecraft:cherry_planks":37,"minecraft:pink_bed":4,"minecraft:cherry_log":445,"minecraft:cherry_sapling":23,"minecraft:torch":10,"minecraft:crafting_table":7,"minecraft:glow_lichen":2,"minecraft:ladder":2,"minecraft:granite":44,"minecraft:short_grass":24,"minecraft:grass_block":161,"minecraft:chest":5,"minecraft:copper_ore":45,"minecraft:cobblestone":32,"minecraft:tall_grass":2,"minecraft:sugar_cane":10,"minecraft:oak_planks":45,"minecraft:diorite":23,"minecraft:wall_torch":8,"minecraft:pink_petals":22,"minecraft:carrots":24,"minecraft:iron_ore":2,"minecraft:fire":8,"minecraft:cherry_door":2,"minecraft:pumpkin":15,"minecraft:coal_ore":326,"minecraft:pointed_dripstone":6,"minecraft:oak_log":103,"minecraft:cave_vines":4,"minecraft:cherry_leaves":1172,"minecraft:gravel":1,"minecraft:dirt":238,"minecraft:stripped_oak_log":1,"minecraft:stone":444,"minecraft:oak_leaves":568,"minecraft:tripwire":6},"minecraft:broken":{"minecraft:stone_axe":3,"minecraft:shears":1,"minecraft:wooden_axe":3,"minecraft:stone_pickaxe":6},"minecraft:custom":{"minecraft:interact_with_furnace":17,"minecraft:mob_kills":4,"minecraft:interact_with_crafting_table":27,"minecraft:leave_game":6,"minecraft:time_since_death":71395,"minecraft:sleep_in_bed":10,"minecraft:climb_one_cm":25394,"minecraft:time_since_rest":13058,"minecraft:sprint_one_cm":442141,"minecraft:damage_taken":3152,"minecraft:walk_one_cm":1574272,"minecraft:drop":5,"minecraft:damage_dealt":630,"minecraft:swim_one_cm":1291,"minecraft:talked_to_villager":1,"minecraft:fly_one_cm":66391,"minecraft:open_chest":159,"minecraft:crouch_one_cm":335,"minecraft:play_time":406025,"minecraft:deaths":8,"minecraft:sneak_time":222,"minecraft:walk_under_water_one_cm":11057,"minecraft:jump":3763,"minecraft:walk_on_water_one_cm":25473,"minecraft:total_world_time":406025,"minecraft:fall_one_cm":51570},"minecraft:dropped":{"minecraft:rotten_flesh":4,"minecraft:stone_pickaxe":1},"minecraft:used":{"minecraft:cherry_sapling":42,"minecraft:diorite":4,"minecraft:stone_pickaxe":1019,"minecraft:baked_potato":1,"minecraft:ladder":10,"minecraft:oak_planks":45,"minecraft:chest":9,"minecraft:cherry_planks":432,"minecraft:oak_door":3,"minecraft:torch":111,"minecraft:dirt":393,"minecraft:crafting_table":6,"minecraft:carrot":16,"minecraft:granite":47,"minecraft:shears":124,"minecraft:oak_log":6,"minecraft:wooden_axe":232,"minecraft:apple":3,"minecraft:cherry_door":4,"minecraft:bread":11,"minecraft:cherry_leaves":128,"minecraft:stone_axe":586,"minecraft:pink_bed":5,"minecraft:pink_petals":52,"minecraft:cobblestone":248,"minecraft:oak_sapling":30,"minecraft:andesite":1,"minecraft:cooked_beef":1},"minecraft:crafted":{"minecraft:cooked_beef":1,"minecraft:cherry_planks":708,"minecraft:oak_door":3,"minecraft:oak_planks":236,"minecraft:crafting_table":4,"minecraft:pink_bed":2,"minecraft:stone":64,"minecraft:stone_axe":7,"minecraft:pink_dye":2,"minecraft:glass":3,"minecraft:ladder":6,"minecraft:stick":44,"minecraft:iron_ingot":13,"minecraft:stone_pickaxe":17,"minecraft:wooden_axe":4,"minecraft:chest":5,"minecraft:cherry_door":3,"minecraft:white_bed":1,"minecraft:torch":108,"minecraft:cherry_fence":3}},"DataVersion":3953}