{"stats":{"minecraft:mined":{"minecraft:large_amethyst_bud":1,"minecraft:white_bed":8,"minecraft:cherry_log":39,"minecraft:sculk_vein":1,"minecraft:cave_vines_plant":1,"minecraft:granite":32,"minecraft:grass_block":127,"minecraft:soul_soil":4,"minecraft:chiseled_tuff_bricks":5,"minecraft:nether_wart":22,"minecraft:tuff_bricks":14,"minecraft:magma_block":5,"minecraft:raw_iron_block":3,"minecraft:glowstone":77,"minecraft:iron_ore":39,"minecraft:cobbled_deepslate":2,"minecraft:fire":9,"minecraft:deepslate_lapis_ore":20,"minecraft:brown_bed":1,"minecraft:pointed_dripstone":26,"minecraft:cave_vines":1,"minecraft:green_bed":8,"minecraft:tripwire":1,"minecraft:deepslate_redstone_ore":45,"minecraft:soul_fire":4,"minecraft:amethyst_cluster":5,"minecraft:torch":6,"minecraft:chest":2,"minecraft:nether_quartz_ore":172,"minecraft:cobblestone":2,"minecraft:waxed_chiseled_copper":1,"minecraft:oak_planks":1,"minecraft:sugar_cane":40,"minecraft:wall_torch":9,"minecraft:cherry_slab":3,"minecraft:pink_petals":1,"minecraft:wheat":39,"minecraft:waxed_copper_block":6,"minecraft:oak_log":24,"minecraft:sand":1,"minecraft:dirt":179,"minecraft:dispenser":5,"minecraft:netherrack":522,"minecraft:oak_leaves":2,"minecraft:deepslate":1053,"minecraft:nether_gold_ore":59,"minecraft:tuff":171,"minecraft:deepslate_diamond_ore":60,"minecraft:decorated_pot":20,"minecraft:redstone_ore":12,"minecraft:furnace":2,"minecraft:carrots":208,"minecraft:waxed_copper_grate":5,"minecraft:andesite":45,"minecraft:deepslate_iron_ore":156,"minecraft:rail":32,"minecraft:stone":586,"minecraft:cherry_stairs":2,"minecraft:bone_block":41,"minecraft:white_wool":2,"minecraft:cherry_planks":6,"minecraft:soul_sand":48,"minecraft:crafting_table":9,"minecraft:short_grass":31,"minecraft:tall_grass":2,"minecraft:deepslate_gold_ore":73,"minecraft:lapis_ore":14,"minecraft:diorite":36,"minecraft:waxed_oxidized_copper_grate":3,"minecraft:bee_nest":1,"minecraft:coal_ore":156,"minecraft:cherry_leaves":28,"minecraft:gravel":16,"minecraft:dripstone_block":18,"minecraft:cobweb":4},"minecraft:dropped":{"minecraft:guster_pottery_sherd":1,"minecraft:soul_sand":18,"minecraft:cooked_beef":20,"minecraft:oak_log":18,"minecraft:ender_pearl":5,"minecraft:glass_bottle":1,"minecraft:diamond":2,"minecraft:glow_berries":1,"minecraft:chest_minecart":1,"minecraft:leather":2,"minecraft:dirt":341,"minecraft:scrape_pottery_sherd":2,"minecraft:sand":57,"minecraft:cooked_chicken":3,"minecraft:chiseled_tuff_bricks":4,"minecraft:cobbled_deepslate":1078,"minecraft:wheat":10,"minecraft:pointed_dripstone":16,"minecraft:cherry_sapling":5,"minecraft:rotten_flesh":13,"minecraft:oak_planks":33,"minecraft:cooked_mutton":6,"minecraft:white_bed":1,"minecraft:waxed_copper_block":2,"minecraft:carrot":22,"minecraft:wind_charge":2,"minecraft:tipped_arrow":17,"minecraft:quartz_block":75,"minecraft:lingering_potion":6,"minecraft:glowstone":57,"minecraft:bee_nest":1,"minecraft:chest":1,"minecraft:arrow":24,"minecraft:glass":79,"minecraft:netherrack":77,"minecraft:bread":29,"minecraft:golden_boots":1,"minecraft:iron_ingot":25,"minecraft:wheat_seeds":14,"minecraft:cherry_log":29,"minecraft:dripstone_block":1,"minecraft:oak_fence":2,"minecraft:iron_helmet":1,"minecraft:cobblestone":165,"minecraft:spectral_arrow":11,"minecraft:amethyst_block":8,"minecraft:granite":53,"minecraft:coal":30,"minecraft:stick":2,"minecraft:iron_block":7,"minecraft:gray_wool":1,"minecraft:diorite":11,"minecraft:golden_carrot":1,"minecraft:torch":1,"minecraft:cherry_planks":5,"minecraft:waxed_oxidized_copper":4,"minecraft:fire_charge":16,"minecraft:iron_leggings":3,"minecraft:iron_axe":1,"minecraft:iron_shovel":2,"minecraft:string":4,"minecraft:pink_petals":1,"minecraft:tuff_bricks":1,"minecraft:flow_pottery_sherd":1,"minecraft:bamboo_hanging_sign":3,"minecraft:deepslate":35,"minecraft:tuff":108,"minecraft:raw_iron":64,"minecraft:iron_boots":2,"minecraft:cherry_slab":2,"minecraft:stone":3,"minecraft:iron_chestplate":2,"minecraft:andesite":15,"minecraft:brown_bed":2,"minecraft:bow":4,"minecraft:stone_pickaxe":1,"minecraft:brick":2},"minecraft:custom":{"minecraft:animals_bred":54,"minecraft:interact_with_crafting_table":49,"minecraft:open_barrel":17,"minecraft:leave_game":12,"minecraft:time_since_death":406949,"minecraft:sprint_one_cm":834612,"minecraft:damage_blocked_by_shield":3759,"minecraft:drop":233,"minecraft:talked_to_villager":1,"minecraft:play_time":406949,"minecraft:jump":5922,"minecraft:walk_on_water_one_cm":26013,"minecraft:enchant_item":2,"minecraft:interact_with_furnace":75,"minecraft:sleep_in_bed":18,"minecraft:damage_dealt":16936,"minecraft:player_kills":1,"minecraft:crouch_one_cm":202606,"minecraft:inspect_dispenser":12,"minecraft:mob_kills":116,"minecraft:climb_one_cm":11765,"minecraft:walk_one_cm":1013434,"minecraft:sneak_time":82782,"minecraft:walk_under_water_one_cm":21601,"minecraft:total_world_time":406949,"minecraft:time_since_rest":7839,"minecraft:damage_taken":4959,"minecraft:damage_absorbed":40,"minecraft:swim_one_cm":28925,"minecraft:fly_one_cm":747000,"minecraft:open_chest":134,"minecraft:fall_one_cm":121111},"minecraft:crafted":{"minecraft:oak_planks":116,"minecraft:cherry_slab":6,"minecraft:bookshelf":3,"minecraft:cooked_mutton":16,"minecraft:quartz_block":75,"minecraft:glass":73,"minecraft:bow":4,"minecraft:iron_boots":1,"minecraft:chest":2,"minecraft:bricks":3,"minecraft:crafting_table":8,"minecraft:wooden_pickaxe":1,"minecraft:iron_helmet":1,"minecraft:copper_ingot":5,"minecraft:iron_chestplate":2,"minecraft:diamond_pickaxe":2,"minecraft:shield":1,"minecraft:stick":68,"minecraft:iron_ingot":196,"minecraft:iron_pickaxe":12,"minecraft:iron_block":11,"minecraft:gold_ingot":50,"minecraft:golden_carrot":96,"minecraft:raw_iron":63,"minecraft:furnace":2,"minecraft:bone_meal":90,"minecraft:iron_axe":1,"minecraft:stone_pickaxe":3,"minecraft:wheat":207,"minecraft:iron_sword":3,"minecraft:bucket":1,"minecraft:stone_axe":1,"minecraft:glowstone":57,"minecraft:bread":42,"minecraft:gold_nugget":549,"minecraft:iron_shovel":2,"minecraft:iron_leggings":1,"minecraft:white_bed":1,"minecraft:torch":124},"minecraft:picked_up":{"minecraft:iron_chestplate":1,"minecraft:wheat":30,"minecraft:brown_bed":3,"minecraft:potion":2,"minecraft:nether_brick":11,"minecraft:amethyst_block":8,"minecraft:string":16,"minecraft:soul_soil":22,"minecraft:deepslate_lapis_ore":1,"minecraft:iron_leggings":3,"minecraft:gold_nugget":229,"minecraft:cobbled_deepslate":1260,"minecraft:trial_key":9,"minecraft:iron_pickaxe":1,"minecraft:deepslate_iron_ore":6,"minecraft:iron_boots":2,"minecraft:furnace":2,"minecraft:tipped_arrow":19,"minecraft:stick":6,"minecraft:oak_fence":2,"minecraft:torch":47,"minecraft:green_bed":8,"minecraft:cherry_log":45,"minecraft:waxed_copper_grate":4,"minecraft:pointed_dripstone":66,"minecraft:diorite":11,"minecraft:golden_chestplate":1,"minecraft:stone_sword":1,"minecraft:honey_bottle":1,"minecraft:rotten_flesh":36,"minecraft:iron_block":7,"minecraft:blaze_rod":1,"minecraft:cobblestone":392,"minecraft:pink_petals":1,"minecraft:magma_block":5,"minecraft:magma_cream":2,"minecraft:cherry_planks":15,"minecraft:andesite":15,"minecraft:flint":1,"minecraft:tuff":204,"minecraft:lantern":2,"minecraft:lapis_lazuli":171,"minecraft:dirt":398,"minecraft:glass":6,"minecraft:bone":47,"minecraft:bow":9,"minecraft:wheat_seeds":91,"minecraft:raw_gold":37,"minecraft:bolt_armor_trim_smithing_template":1,"minecraft:glowstone_dust":227,"minecraft:oak_planks":34,"minecraft:scrape_pottery_sherd":3,"minecraft:spectral_arrow":11,"minecraft:diamond":12,"minecraft:deepslate":35,"minecraft:deepslate_gold_ore":33,"minecraft:breeze_rod":4,"minecraft:granite":53,"minecraft:emerald":25,"minecraft:bread":2,"minecraft:cherry_slab":1,"minecraft:netherrack":387,"minecraft:lingering_potion":7,"minecraft:waxed_oxidized_cut_copper":2,"minecraft:crafting_table":8,"minecraft:bee_nest":1,"minecraft:ominous_bottle":1,"minecraft:nether_wart":22,"minecraft:chest_minecart":1,"minecraft:brick":78,"minecraft:wind_charge":2,"minecraft:iron_shovel":1,"minecraft:deepslate_diamond_ore":49,"minecraft:beef":3,"minecraft:guster_pottery_sherd":2,"minecraft:sugar_cane":39,"minecraft:chest":2,"minecraft:waxed_oxidized_copper":4,"minecraft:raw_iron":165,"minecraft:stone":3,"minecraft:cherry_stairs":2,"minecraft:bamboo_hanging_sign":3,"minecraft:amethyst_cluster":1,"minecraft:fire_charge":9,"minecraft:flow_pottery_sherd":2,"minecraft:carrot":825,"minecraft:redstone":162,"minecraft:arrow":70,"minecraft:gold_ingot":11,"minecraft:bone_block":41,"minecraft:tuff_bricks":6,"minecraft:glow_berries":1,"minecraft:mutton":21,"minecraft:rail":37,"minecraft:white_wool":11,"minecraft:lapis_ore":11,"minecraft:golden_carrot":3,"minecraft:leather":2,"minecraft:oak_log":44,"minecraft:waxed_copper_block":5,"minecraft:golden_boots":2,"minecraft:cooked_mutton":6,"minecraft:iron_ingot":13,"minecraft:cooked_chicken":6,"minecraft:iron_ore":20,"minecraft:soul_sand":138,"minecraft:waxed_exposed_copper_bulb":1,"minecraft:quartz":300,"minecraft:raw_iron_block":3,"minecraft:dripstone_block":36,"minecraft:gravel":37,"minecraft:amethyst_shard":12,"minecraft:white_bed":10,"minecraft:spider_eye":3,"minecraft:coal_ore":13,"minecraft:redstone_ore":12,"minecraft:iron_helmet":1,"minecraft:deepslate_redstone_ore":6,"minecraft:cherry_sapling":7,"minecraft:gray_wool":1,"minecraft:coal":230,"minecraft:chiseled_tuff_bricks":6,"minecraft:ender_pearl":4},"minecraft:killed":{"minecraft:spider":9,"minecraft:skeleton":11,"minecraft:magma_cube":15,"minecraft:zombie_villager":1,"minecraft:creeper":1,"minecraft:sheep":10,"minecraft:zombie":33,"minecraft:stray":25,"minecraft:blaze":4,"minecraft:cow":1,"minecraft:wither_skeleton":4},"minecraft:broken":{"minecraft:iron_shovel":1,"minecraft:stone_axe":1,"minecraft:iron_sword":1,"minecraft:iron_pickaxe":9},"minecraft:used":{"minecraft:tuff_bricks":5,"minecraft:cherry_sapling":2,"minecraft:iron_shovel":258,"minecraft:chest":3,"minecraft:shield":135,"minecraft:iron_sword":349,"minecraft:nether_wart":21,"minecraft:rotten_flesh":17,"minecraft:soul_sand":84,"minecraft:carrot":226,"minecraft:waxed_copper_grate":4,"minecraft:tuff":96,"minecraft:bricks":3,"minecraft:lantern":2,"minecraft:iron_helmet":1,"minecraft:waxed_exposed_copper_bulb":1,"minecraft:bow":65,"minecraft:furnace":4,"minecraft:egg":1,"minecraft:golden_boots":1,"minecraft:stone_pickaxe":185,"minecraft:oak_planks":5,"minecraft:ender_pearl":1,"minecraft:wooden_pickaxe":3,"minecraft:white_wool":8,"minecraft:golden_apple":1,"minecraft:lingering_potion":4,"minecraft:bread":26,"minecraft:string":1,"minecraft:gravel":14,"minecraft:chiseled_tuff_bricks":2,"minecraft:bone_meal":90,"minecraft:deepslate_gold_ore":14,"minecraft:trial_key":3,"minecraft:cooked_chicken":3,"minecraft:netherrack":252,"minecraft:torch":147,"minecraft:dirt":57,"minecraft:golden_chestplate":1,"minecraft:bookshelf":3,"minecraft:iron_axe":133,"minecraft:cherry_slab":5,"minecraft:bamboo_hanging_sign":3,"minecraft:golden_carrot":28,"minecraft:soul_soil":1,"minecraft:cooked_beef":5,"minecraft:cobbled_deepslate":85,"minecraft:cherry_log":16,"minecraft:iron_leggings":1,"minecraft:brown_bed":1,"minecraft:pointed_dripstone":4,"minecraft:wheat_seeds":30,"minecraft:cooked_mutton":16,"minecraft:water_bucket":21,"minecraft:iron_ore":1,"minecraft:waxed_oxidized_cut_copper":2,"minecraft:cherry_planks":7,"minecraft:green_bed":7,"minecraft:waxed_copper_block":3,"minecraft:crafting_table":15,"minecraft:white_bed":9,"minecraft:diamond_pickaxe":798,"minecraft:wind_charge":8,"minecraft:iron_pickaxe":2548,"minecraft:stone_axe":90,"minecraft:cobblestone":71,"minecraft:potion":1,"minecraft:cherry_stairs":2,"minecraft:bucket":22}},"DataVersion":3953}