{"stats":{"minecraft:killed":{"minecraft:zombie":1,"minecraft:spider":1},"minecraft:picked_up":{"minecraft:pink_petals":20,"minecraft:oak_log":12,"minecraft:spider_eye":1,"minecraft:dirt":90,"minecraft:rotten_flesh":1,"minecraft:cherry_sapling":3,"minecraft:bread":2,"minecraft:oak_sapling":1,"minecraft:sugar_cane":1,"minecraft:coal":9,"minecraft:cobblestone":122},"minecraft:killed_by":{"minecraft:spider":1,"minecraft:zombie":1},"minecraft:mined":{"minecraft:pink_petals":18,"minecraft:short_grass":7,"minecraft:coal_ore":9,"minecraft:grass_block":42,"minecraft:oak_log":12,"minecraft:dirt_path":2,"minecraft:dirt":47,"minecraft:stone":122,"minecraft:oak_leaves":6},"minecraft:broken":{"minecraft:stone_pickaxe":1},"minecraft:custom":{"minecraft:time_since_rest":19225,"minecraft:interact_with_furnace":1,"minecraft:sprint_one_cm":119978,"minecraft:damage_taken":799,"minecraft:walk_one_cm":125198,"minecraft:mob_kills":2,"minecraft:damage_dealt":521,"minecraft:interact_with_crafting_table":9,"minecraft:swim_one_cm":3242,"minecraft:fly_one_cm":17121,"minecraft:open_chest":4,"minecraft:crouch_one_cm":514,"minecraft:play_time":42567,"minecraft:deaths":2,"minecraft:sneak_time":106,"minecraft:walk_under_water_one_cm":909,"minecraft:jump":371,"minecraft:leave_game":7,"minecraft:walk_on_water_one_cm":3010,"minecraft:time_since_death":24521,"minecraft:sleep_in_bed":1,"minecraft:total_world_time":42567,"minecraft:fall_one_cm":7051},"minecraft:used":{"minecraft:oak_log":2,"minecraft:cherry_sapling":3,"minecraft:stone_sword":49,"minecraft:bread":6,"minecraft:stone_shovel":79,"minecraft:stone_pickaxe":131,"minecraft:torch":3,"minecraft:pink_petals":4,"minecraft:dirt":23,"minecraft:crafting_table":1},"minecraft:crafted":{"minecraft:oak_planks":36,"minecraft:stone_shovel":1,"minecraft:crafting_table":2,"minecraft:stick":4,"minecraft:wooden_pickaxe":1,"minecraft:stone_pickaxe":1,"minecraft:stone_sword":1,"minecraft:torch":28,"minecraft:bread":30,"minecraft:wheat":90}},"DataVersion":3953}