{"stats":{"minecraft:picked_up":{"minecraft:book":1,"minecraft:pink_petals":6,"minecraft:stick":1,"minecraft:smithing_table":1,"minecraft:stone_slab":5,"minecraft:cherry_log":18,"minecraft:spruce_log":45,"minecraft:lapis_lazuli":33,"minecraft:dirt":98,"minecraft:diamond_shovel":1,"minecraft:diamond":5,"minecraft:cobbled_deepslate":64,"minecraft:lever":7,"minecraft:spruce_planks":5,"minecraft:beef":23,"minecraft:iron_ingot":6,"minecraft:golden_apple":1,"minecraft:minecart":3,"minecraft:emerald":5,"minecraft:lectern":40,"minecraft:blaze_rod":1,"minecraft:chest":2,"minecraft:spruce_trapdoor":1,"minecraft:coal":26,"minecraft:rail":36,"minecraft:cobblestone":93,"minecraft:ender_pearl":1},"minecraft:mined":{"minecraft:spruce_planks":5,"minecraft:cherry_log":18,"minecraft:rail":17,"minecraft:chest":2,"minecraft:dirt":2,"minecraft:lectern":40},"minecraft:custom":{"minecraft:time_since_rest":29896,"minecraft:sprint_one_cm":38831,"minecraft:damage_taken":78,"minecraft:walk_one_cm":62387,"minecraft:damage_dealt":35,"minecraft:traded_with_villager":9,"minecraft:interact_with_crafting_table":2,"minecraft:swim_one_cm":5245,"minecraft:talked_to_villager":105,"minecraft:fly_one_cm":33903,"minecraft:open_chest":8,"minecraft:crouch_one_cm":1786,"minecraft:play_time":30466,"minecraft:sneak_time":475,"minecraft:walk_under_water_one_cm":744,"minecraft:jump":153,"minecraft:leave_game":2,"minecraft:walk_on_water_one_cm":919,"minecraft:time_since_death":30466,"minecraft:sleep_in_bed":1,"minecraft:total_world_time":30466,"minecraft:fall_one_cm":4221},"minecraft:used":{"minecraft:diamond_pickaxe":17,"minecraft:spruce_slab":9,"minecraft:chest":1,"minecraft:lectern":41,"minecraft:iron_helmet":1,"minecraft:iron_boots":1,"minecraft:diamond_axe":65,"minecraft:diamond_chestplate":1,"minecraft:dirt":1,"minecraft:rail":16,"minecraft:minecart":3,"minecraft:cooked_beef":1,"minecraft:diamond_leggings":1},"minecraft:crafted":{"minecraft:cherry_planks":72,"minecraft:emerald":8,"minecraft:spruce_slab":12,"minecraft:spruce_planks":44,"minecraft:stick":200,"minecraft:enchanted_book":1}},"DataVersion":3953}