{"stats":{"minecraft:mined":{"minecraft:spruce_planks":2,"minecraft:rail":5,"minecraft:chest":2,"minecraft:lectern":13},"minecraft:crafted":{"minecraft:emerald":1,"minecraft:spruce_planks":20,"minecraft:stick":56,"minecraft:enchanted_book":1},"minecraft:custom":{"minecraft:time_since_rest":17922,"minecraft:sprint_one_cm":16782,"minecraft:damage_taken":60,"minecraft:walk_one_cm":22354,"minecraft:damage_dealt":10,"minecraft:traded_with_villager":2,"minecraft:swim_one_cm":5245,"minecraft:talked_to_villager":27,"minecraft:fly_one_cm":19473,"minecraft:open_chest":4,"minecraft:crouch_one_cm":520,"minecraft:play_time":18492,"minecraft:sneak_time":200,"minecraft:walk_under_water_one_cm":744,"minecraft:jump":81,"minecraft:leave_game":2,"minecraft:time_since_death":18492,"minecraft:walk_on_water_one_cm":919,"minecraft:sleep_in_bed":1,"minecraft:total_world_time":18492,"minecraft:fall_one_cm":2632},"minecraft:picked_up":{"minecraft:book":1,"minecraft:pink_petals":6,"minecraft:stick":1,"minecraft:smithing_table":1,"minecraft:stone_slab":5,"minecraft:spruce_log":45,"minecraft:lapis_lazuli":33,"minecraft:dirt":97,"minecraft:diamond_shovel":1,"minecraft:diamond":5,"minecraft:cobbled_deepslate":64,"minecraft:lever":7,"minecraft:spruce_planks":2,"minecraft:iron_ingot":6,"minecraft:beef":23,"minecraft:golden_apple":1,"minecraft:emerald":5,"minecraft:lectern":13,"minecraft:blaze_rod":1,"minecraft:chest":2,"minecraft:coal":26,"minecraft:spruce_trapdoor":1,"minecraft:rail":24,"minecraft:cobblestone":93,"minecraft:ender_pearl":1},"minecraft:used":{"minecraft:diamond_pickaxe":5,"minecraft:lectern":13,"minecraft:iron_helmet":1,"minecraft:iron_boots":1,"minecraft:diamond_axe":17,"minecraft:diamond_chestplate":1,"minecraft:cooked_beef":1,"minecraft:diamond_leggings":1}},"DataVersion":3953}