{"stats":{"minecraft:custom":{"minecraft:jump":49,"minecraft:time_since_rest":3505,"minecraft:damage_dealt":10,"minecraft:leave_game":1,"minecraft:walk_on_water_one_cm":919,"minecraft:sprint_one_cm":7037,"minecraft:play_time":4075,"minecraft:damage_taken":60,"minecraft:time_since_death":4075,"minecraft:walk_one_cm":6095,"minecraft:sleep_in_bed":1,"minecraft:total_world_time":4075,"minecraft:walk_under_water_one_cm":744,"minecraft:swim_one_cm":5245,"minecraft:fall_one_cm":1736,"minecraft:fly_one_cm":13874}},"DataVersion":3953}