{"stats":{"minecraft:killed":{"minecraft:zombie":1},"minecraft:picked_up":{"minecraft:pink_petals":6,"minecraft:smithing_table":1,"minecraft:stone_slab":5,"minecraft:brewing_stand":1,"minecraft:lapis_lazuli":33,"minecraft:dirt":101,"minecraft:cobbled_deepslate":64,"minecraft:spruce_planks":5,"minecraft:iron_ingot":6,"minecraft:beef":23,"minecraft:lectern":55,"minecraft:minecart":3,"minecraft:sugar_cane":248,"minecraft:chest":2,"minecraft:spruce_trapdoor":1,"minecraft:book":1,"minecraft:stick":7,"minecraft:torch":1,"minecraft:cherry_log":53,"minecraft:spruce_log":45,"minecraft:diamond_shovel":1,"minecraft:rotten_flesh":2,"minecraft:diamond":5,"minecraft:lever":7,"minecraft:cherry_sapling":14,"minecraft:golden_apple":1,"minecraft:emerald":5,"minecraft:blaze_rod":1,"minecraft:coal":26,"minecraft:rail":36,"minecraft:cobblestone":95,"minecraft:ender_pearl":1},"minecraft:mined":{"minecraft:spruce_planks":5,"minecraft:cherry_log":53,"minecraft:brewing_stand":1,"minecraft:chest":2,"minecraft:lectern":55,"minecraft:cobblestone":2,"minecraft:sugar_cane":132,"minecraft:rail":17,"minecraft:cherry_leaves":7,"minecraft:dirt":5},"minecraft:custom":{"minecraft:interact_with_furnace":7,"minecraft:mob_kills":1,"minecraft:traded_with_villager":33,"minecraft:interact_with_crafting_table":12,"minecraft:leave_game":2,"minecraft:time_since_death":54466,"minecraft:sleep_in_bed":1,"minecraft:time_since_rest":53896,"minecraft:sprint_one_cm":94710,"minecraft:damage_taken":148,"minecraft:walk_one_cm":113143,"minecraft:damage_dealt":234,"minecraft:swim_one_cm":10447,"minecraft:talked_to_villager":149,"minecraft:fly_one_cm":119740,"minecraft:open_chest":41,"minecraft:crouch_one_cm":1799,"minecraft:play_time":54466,"minecraft:sneak_time":493,"minecraft:walk_under_water_one_cm":997,"minecraft:jump":495,"minecraft:interact_with_brewingstand":3,"minecraft:walk_on_water_one_cm":3725,"minecraft:total_world_time":54466,"minecraft:fall_one_cm":12479},"minecraft:used":{"minecraft:spruce_slab":10,"minecraft:chest":1,"minecraft:spruce_sign":2,"minecraft:diamond_axe":125,"minecraft:sugar_cane":3,"minecraft:torch":12,"minecraft:brewing_stand":1,"minecraft:dirt":4,"minecraft:rail":16,"minecraft:diamond_pickaxe":20,"minecraft:lectern":56,"minecraft:iron_helmet":1,"minecraft:iron_boots":1,"minecraft:diamond_chestplate":1,"minecraft:cobblestone":8,"minecraft:minecart":3,"minecraft:cooked_beef":4,"minecraft:diamond_leggings":1},"minecraft:crafted":{"minecraft:cooked_beef":8,"minecraft:cherry_planks":212,"minecraft:emerald":31,"minecraft:spruce_sign":3,"minecraft:spruce_planks":60,"minecraft:enchanted_book":2,"minecraft:air":0,"minecraft:glass_pane":32,"minecraft:glass":13,"minecraft:book":6,"minecraft:paper":249,"minecraft:spruce_slab":12,"minecraft:stick":524,"minecraft:torch":12}},"DataVersion":3953}