{"stats":{"minecraft:killed":{"minecraft:zombie":1},"minecraft:picked_up":{"minecraft:pink_petals":6,"minecraft:smithing_table":1,"minecraft:stone_slab":5,"minecraft:brewing_stand":1,"minecraft:lapis_lazuli":33,"minecraft:dirt":101,"minecraft:cobbled_deepslate":64,"minecraft:spruce_planks":5,"minecraft:iron_ingot":6,"minecraft:beef":23,"minecraft:lectern":111,"minecraft:minecart":3,"minecraft:sugar_cane":248,"minecraft:chest":2,"minecraft:spruce_trapdoor":1,"minecraft:book":1,"minecraft:stick":13,"minecraft:torch":1,"minecraft:cherry_log":88,"minecraft:spruce_log":45,"minecraft:diamond_shovel":1,"minecraft:rotten_flesh":2,"minecraft:diamond":5,"minecraft:lever":7,"minecraft:cherry_sapling":29,"minecraft:golden_apple":1,"minecraft:emerald":5,"minecraft:blaze_rod":1,"minecraft:coal":26,"minecraft:rail":36,"minecraft:cobblestone":95,"minecraft:ender_pearl":1},"minecraft:mined":{"minecraft:spruce_planks":5,"minecraft:cherry_log":88,"minecraft:brewing_stand":1,"minecraft:short_grass":1,"minecraft:chest":2,"minecraft:lectern":111,"minecraft:cobblestone":2,"minecraft:sugar_cane":132,"minecraft:rail":17,"minecraft:cherry_leaves":13,"minecraft:dirt":5},"minecraft:custom":{"minecraft:interact_with_furnace":7,"minecraft:mob_kills":1,"minecraft:traded_with_villager":42,"minecraft:interact_with_crafting_table":13,"minecraft:leave_game":2,"minecraft:time_since_death":66466,"minecraft:sleep_in_bed":1,"minecraft:time_since_rest":65896,"minecraft:sprint_one_cm":102162,"minecraft:damage_taken":162,"minecraft:walk_one_cm":139074,"minecraft:damage_dealt":234,"minecraft:swim_one_cm":10447,"minecraft:talked_to_villager":233,"minecraft:fly_one_cm":125028,"minecraft:open_chest":43,"minecraft:crouch_one_cm":2355,"minecraft:play_time":66466,"minecraft:sneak_time":852,"minecraft:walk_under_water_one_cm":997,"minecraft:jump":525,"minecraft:interact_with_brewingstand":3,"minecraft:walk_on_water_one_cm":3725,"minecraft:total_world_time":66466,"minecraft:fall_one_cm":12897},"minecraft:used":{"minecraft:spruce_slab":10,"minecraft:chest":1,"minecraft:spruce_sign":2,"minecraft:diamond_axe":223,"minecraft:sugar_cane":3,"minecraft:torch":12,"minecraft:brewing_stand":1,"minecraft:dirt":4,"minecraft:rail":16,"minecraft:diamond_pickaxe":20,"minecraft:lectern":112,"minecraft:iron_helmet":1,"minecraft:iron_boots":1,"minecraft:diamond_chestplate":1,"minecraft:cobblestone":8,"minecraft:minecart":3,"minecraft:cooked_beef":4,"minecraft:diamond_leggings":1},"minecraft:crafted":{"minecraft:cooked_beef":8,"minecraft:cherry_planks":352,"minecraft:emerald":40,"minecraft:spruce_sign":3,"minecraft:spruce_planks":60,"minecraft:enchanted_book":2,"minecraft:air":0,"minecraft:glass_pane":32,"minecraft:glass":13,"minecraft:book":6,"minecraft:paper":249,"minecraft:spruce_slab":12,"minecraft:stick":820,"minecraft:torch":12}},"DataVersion":3953}