{"stats":{"minecraft:killed":{"minecraft:zombie":1},"minecraft:picked_up":{"minecraft:pink_petals":6,"minecraft:smithing_table":1,"minecraft:stone_slab":5,"minecraft:brewing_stand":1,"minecraft:lapis_lazuli":33,"minecraft:dirt":101,"minecraft:cobbled_deepslate":64,"minecraft:spruce_planks":6,"minecraft:iron_ingot":6,"minecraft:beef":23,"minecraft:spruce_slab":3,"minecraft:lectern":368,"minecraft:minecart":6,"minecraft:sugar_cane":287,"minecraft:chest":2,"minecraft:spruce_trapdoor":1,"minecraft:book":1,"minecraft:stick":13,"minecraft:torch":1,"minecraft:cherry_log":88,"minecraft:spruce_log":45,"minecraft:diamond_shovel":1,"minecraft:rotten_flesh":2,"minecraft:diamond":5,"minecraft:lever":7,"minecraft:cherry_sapling":29,"minecraft:golden_apple":1,"minecraft:emerald":5,"minecraft:blaze_rod":1,"minecraft:coal":26,"minecraft:rail":37,"minecraft:cobblestone":95,"minecraft:ender_pearl":1},"minecraft:mined":{"minecraft:spruce_planks":6,"minecraft:cherry_log":88,"minecraft:brewing_stand":1,"minecraft:short_grass":1,"minecraft:chest":2,"minecraft:lectern":368,"minecraft:cobblestone":2,"minecraft:sugar_cane":171,"minecraft:rail":18,"minecraft:cherry_leaves":13,"minecraft:dirt":5,"minecraft:spruce_slab":3},"minecraft:custom":{"minecraft:interact_with_furnace":12,"minecraft:mob_kills":1,"minecraft:traded_with_villager":44,"minecraft:interact_with_crafting_table":16,"minecraft:leave_game":2,"minecraft:time_since_death":108466,"minecraft:sleep_in_bed":1,"minecraft:time_since_rest":107896,"minecraft:sprint_one_cm":140101,"minecraft:damage_taken":180,"minecraft:walk_one_cm":230410,"minecraft:damage_dealt":254,"minecraft:swim_one_cm":10447,"minecraft:talked_to_villager":621,"minecraft:fly_one_cm":163521,"minecraft:open_chest":49,"minecraft:crouch_one_cm":2962,"minecraft:play_time":108466,"minecraft:sneak_time":1030,"minecraft:walk_under_water_one_cm":997,"minecraft:jump":680,"minecraft:interact_with_brewingstand":3,"minecraft:walk_on_water_one_cm":3918,"minecraft:total_world_time":108466,"minecraft:fall_one_cm":17650},"minecraft:used":{"minecraft:spruce_slab":13,"minecraft:spruce_planks":1,"minecraft:chest":1,"minecraft:spruce_sign":3,"minecraft:diamond_axe":485,"minecraft:sugar_cane":3,"minecraft:torch":12,"minecraft:brewing_stand":1,"minecraft:dirt":4,"minecraft:rail":22,"minecraft:diamond_pickaxe":20,"minecraft:lectern":371,"minecraft:iron_helmet":1,"minecraft:iron_boots":1,"minecraft:diamond_chestplate":1,"minecraft:cobblestone":8,"minecraft:minecart":7,"minecraft:cooked_beef":5,"minecraft:diamond_leggings":1},"minecraft:crafted":{"minecraft:cooked_beef":8,"minecraft:cherry_planks":352,"minecraft:emerald":41,"minecraft:spruce_sign":3,"minecraft:spruce_planks":76,"minecraft:bookshelf":3,"minecraft:enchanted_book":2,"minecraft:air":0,"minecraft:glass_pane":32,"minecraft:glass":13,"minecraft:lectern":2,"minecraft:book":6,"minecraft:paper":288,"minecraft:spruce_slab":18,"minecraft:stick":820,"minecraft:torch":12}},"DataVersion":3953}