{"stats":{"minecraft:mined":{"minecraft:short_grass":2,"minecraft:carrots":2,"minecraft:wheat":55},"minecraft:crafted":{"minecraft:oak_boat":2,"minecraft:stick":8,"minecraft:bread":18},"minecraft:custom":{"minecraft:open_chest":4,"minecraft:time_since_rest":23119,"minecraft:play_time":23119,"minecraft:sprint_one_cm":19559,"minecraft:damage_taken":155,"minecraft:walk_one_cm":25315,"minecraft:sneak_time":5,"minecraft:jump":169,"minecraft:damage_dealt":52,"minecraft:leave_game":1,"minecraft:time_since_death":23119,"minecraft:total_world_time":23119,"minecraft:interact_with_crafting_table":2,"minecraft:fall_one_cm":4059,"minecraft:fly_one_cm":44827},"minecraft:picked_up":{"minecraft:wheat":55,"minecraft:rotten_flesh":1,"minecraft:wheat_seeds":151,"minecraft:cherry_sapling":1,"minecraft:cherry_log":2,"minecraft:bread":1,"minecraft:carrot":11},"minecraft:used":{"minecraft:wheat_seeds":57,"minecraft:cherry_sapling":1,"minecraft:carrot":4}},"DataVersion":3953}